mag_id	number_of_scaffolds	completeness_score	contamination_score	x5s_r_rna	x16s_r_rna	x23s_r_rna	t_rna_count	assembly_quality	mag_length
cmag_001	85	90.48	0	NA	NA	NA	38	med	1770350
cmag_002	40	97.99	0.67	3 present	NA	NA	48	med	2460385
cmag_003	90	64.02	0	ERR4303137bin.12_NODE_4113_length_8653_cov_12.538381 (8094, 8206)	NA	NA	9	med	702326
cmag_004	31	92.7	3.93	ERR4303137bin.30_NODE_309_length_58804_cov_26.634002 (58735, 58803)	NA	NA	37	med	1203356
cmag_005	29	52.12	0	NA	NA	NA	41	med	1072225
cmag_006	93	99.33	0	ERR4303137bin.35_NODE_1163_length_23828_cov_18.694233 (23639, 23735)	NA	NA	45	med	2630480
cmag_007	143	97.32	0	2 present	NA	NA	44	med	2339337
cmag_008	125	90.36	0	NA	ERR4303138bin.37_NODE_5645_length_6004_cov_15.116826 (5213, 6004)	NA	26	med	2086823
cmag_009	67	98.66	0.36	2 present	NA	NA	41	med	2438712
cmag_010	158	97.32	0	NA	NA	NA	31	med	3083266
cmag_011	76	93.26	1.12	ERR4303147bin.12_NODE_2951_length_14106_cov_15.620810 (717, 790)	NA	NA	32	med	1162954
cmag_012	136	94.85	0	ERR4303147bin.39_NODE_817_length_32663_cov_14.149963 (32469, 32564)	NA	NA	26	med	2170691
cmag_013	77	86.12	0.56	NA	NA	NA	29	med	929681
cmag_014	110	82.47	0	ERR4303147bin.48_NODE_1520_length_22024_cov_5.508080 (21439, 21551)	NA	NA	16	med	936316
cmag_015	14	80.31	1.61	ERR4303147bin.52_NODE_25_length_182656_cov_17.376241 (170263, 170372)	2 present	ERR4303147bin.52_NODE_25_length_182656_cov_17.376241 (170554, 173308)	37	med	1340353
cmag_016	92	79.43	1.63	2 present	NA	ERR4303147bin.54_NODE_63_length_135388_cov_58.155498 (82, 2945)	28	med	1967248
cmag_017	60	99.26	0.12	NA	NA	NA	50	med	4055754
cmag_018	60	75.39	1.63	NA	NA	NA	26	med	1494211
cmag_019	54	93.95	0	ERR4303149bin.21_NODE_1631_length_19299_cov_313.239295 (18728, 18821)	NA	NA	44	med	1844094
cmag_020	84	93.45	0.14	5 present	NA	NA	47	med	2417439
cmag_021	82	99.17	4.3	NA	NA	NA	27	med	2627286
cmag_022	168	72.17	1.7	NA	NA	NA	26	med	1340437
cmag_023	35	98.66	0	ERR4303150bin.25_NODE_952_length_34162_cov_37.828686 (33701, 33797)	NA	NA	52	med	2662500
cmag_024	69	96	0.58	NA	NA	NA	35	med	2856486
cmag_025	68	99.1	0.54	NA	NA	NA	52	med	3832545
cmag_026	439	80.13	0.17	NA	NA	NA	6	med	2543944
cmag_027	21	93.55	0	NA	NA	NA	42	med	1429652
cmag_028	65	99.52	0.48	NA	NA	NA	41	med	2921935
cmag_029	59	92.7	0	ERR4303151bin.51_NODE_15611_length_3570_cov_8.053485 (395, 492)	NA	NA	40	med	871613
cmag_030	67	95.38	0.67	NA	NA	NA	37	med	2338698
cmag_031	201	70.35	0.67	NA	NA	NA	15	med	1465548
cmag_032	84	73.28	0	NA	NA	NA	25	med	1290818
cmag_033	66	76.89	3.04	ERR4303152bin.6_NODE_1575_length_15706_cov_65.399144 (180, 275)	NA	NA	36	med	1896296
cmag_034	157	92.03	0.45	NA	NA	NA	30	med	2583726
cmag_035	62	97.66	0.58	NA	NA	NA	50	med	2912417
cmag_036	99	97.36	0	NA	NA	NA	32	med	3064017
cmag_037	51	95.56	0.05	NA	ERR4303154bin.33_NODE_1943_length_15943_cov_27.331697 (15420, 15943)	NA	46	med	2472354
cmag_038	69	93.96	0	NA	NA	NA	30	med	2395574
cmag_039	68	98.66	0	NA	NA	NA	43	med	3349521
cmag_040	41	64.09	1.06	NA	NA	NA	29	med	1526972
cmag_041	21	93.95	0.03	NA	NA	NA	43	med	1787062
cmag_042	53	74.94	0	NA	NA	NA	43	med	2285192
cmag_043	220	85.35	0	ERR4303155bin.77_NODE_527_length_45268_cov_9.666379 (44897, 45003)	NA	NA	13	med	2103959
cmag_044	380	72.07	0.65	NA	NA	NA	30	med	2292797
cmag_045	73	100	2.85	NA	NA	NA	48	med	2808370
cmag_046	60	89.74	0.85	NA	NA	NA	38	med	1902679
cmag_047	23	92.72	0.81	NA	ERR4303156bin.5_NODE_95_length_115860_cov_21.482639 (115251, 115860)	NA	42	med	1858305
cmag_048	125	98.66	0	2 present	NA	NA	32	med	2871243
cmag_049	57	94.76	0.03	NA	NA	NA	44	med	2174705
cmag_050	154	95.39	1.95	NA	NA	NA	30	med	3814795
cmag_051	233	71.11	0.73	ERR4303158bin.24_NODE_9686_length_5511_cov_11.300587 (421, 530)	NA	NA	16	med	1334376
cmag_052	83	80.34	0	NA	NA	NA	24	med	1066110
cmag_053	76	92.62	1.85	NA	NA	NA	30	med	1918965
cmag_054	72	75.04	0.89	3 present	NA	NA	31	med	1394335
cmag_055	18	92.58	2.25	ERR4303158bin.61_NODE_15946_length_3794_cov_13.036373 (318, 416)	NA	NA	35	med	893043
cmag_056	61	88.76	4.49	NA	NA	NA	33	med	1327815
cmag_057	59	98.67	0.11	NA	NA	NA	32	med	1958999
cmag_058	152	90.46	0.06	NA	NA	NA	26	med	1577787
cmag_059	44	98.96	0	2 present	NA	NA	34	med	2345581
cmag_060	37	96.42	0	ERR4303161bin.39_NODE_1615_length_26952_cov_13.434547 (6105, 6213)	NA	NA	36	med	2020950
cmag_061	155	63.75	2.12	ERR4303161bin.47_NODE_12579_length_6263_cov_15.037049 (6034, 6130)	NA	NA	15	med	1261859
cmag_062	70	93.16	0.57	ERR4303161bin.49_NODE_1456_length_28695_cov_56.850698 (272, 381)	NA	NA	26	med	1705530
cmag_063	224	63.09	0	NA	NA	NA	19	med	2007191
cmag_064	109	99.04	0.63	NA	NA	NA	27	med	3256068
cmag_065	89	98.23	0	NA	ERR4303162bin.31_NODE_2274_length_16626_cov_37.579748 (1, 786)	NA	34	med	3408282
cmag_066	102	85.38	2.14	NA	NA	NA	29	med	2410617
cmag_067	55	98.56	0	NA	NA	NA	40	med	2509975
cmag_068	52	76.35	1.12	NA	NA	NA	19	med	1014261
cmag_069	51	93.26	1.12	NA	NA	NA	29	med	1292349
cmag_070	151	53.86	0	NA	NA	NA	10	med	1161183
cmag_071	51	99.05	0	NA	NA	NA	42	med	3032822
cmag_072	134	66.65	1.85	ERR4303163bin.64_NODE_13313_length_4961_cov_17.310640 (4778, 4875)	NA	NA	21	med	1838640
cmag_073	299	91.86	2.43	NA	ERR4303164bin.29_NODE_26308_length_2569_cov_13.663882 (2058, 2569)	NA	42	med	4066237
cmag_074	24	94.18	0	NA	NA	NA	41	med	1710847
cmag_075	148	93.62	1.36	ERR4303164bin.45_NODE_3721_length_11214_cov_35.712250 (386, 493)	NA	NA	44	med	2639991
cmag_076	110	96.39	0.58	NA	NA	NA	38	med	2764242
cmag_077	67	97.85	0	2 present	NA	NA	45	med	5172901
cmag_078	201	89.57	2.01	NA	NA	NA	30	med	2577134
cmag_079	83	96.73	0.67	NA	NA	NA	34	med	2346911
cmag_080	40	100	0	NA	NA	NA	41	med	3006718
cmag_081	87	99.33	0	ERR4303169bin.25_NODE_801_length_27356_cov_15.078532 (1258, 1368)	NA	NA	37	med	2434020
cmag_082	60	99.33	0	ERR4303169bin.6_NODE_2158_length_10262_cov_77.026354 (71, 167)	NA	NA	44	med	2386047
cmag_083	36	90.91	0.28	NA	NA	NA	30	med	1772540
cmag_084	102	97.32	0.22	ERR4303170bin.59_NODE_2344_length_20138_cov_8.982572 (4882, 4992)	NA	NA	28	med	2091165
cmag_085	48	90.34	0	ERR4303170bin.62_NODE_3715_length_14006_cov_7.580460 (593, 705)	NA	NA	31	med	1061020
cmag_086	159	93.77	0	ERR4303171bin.26_NODE_963_length_47188_cov_12.881527 (46927, 47022)	NA	NA	16	med	2293678
cmag_087	198	88.47	1.34	NA	NA	NA	19	med	2851536
cmag_088	168	85.63	0.7	NA	NA	NA	7	med	1347516
cmag_089	45	98.64	0.68	NA	NA	NA	41	med	2417210
cmag_090	76	89.33	2.25	ERR4303194bin.18_NODE_205_length_73378_cov_18.907669 (73075, 73148)	NA	NA	34	med	1234602
cmag_091	64	95.97	0	NA	NA	NA	42	med	2119030
cmag_092	175	91.32	0.59	ERR4303194bin.64_NODE_2026_length_21072_cov_7.693153 (415, 524)	NA	NA	24	med	1858556
cmag_093	124	73.98	1.34	ERR4303195bin.1_NODE_5881_length_9451_cov_10.446999 (9219, 9315)	NA	NA	31	med	1742409
cmag_094	43	95.39	0.67	NA	NA	NA	21	med	3023439
cmag_095	74	98.55	0.67	NA	NA	NA	43	med	2433859
cmag_096	87	94.3	0	2 present	NA	NA	29	med	2127916
cmag_097	69	95.55	0	NA	NA	NA	31	med	3149312
cmag_098	134	95.57	0.79	NA	NA	NA	23	med	3714290
cmag_099	374	72.46	1.32	NA	NA	NA	9	med	2450407
cmag_100	71	98.11	0.94	NA	NA	NA	47	med	2386282
cmag_101	112	95.83	0.97	NA	NA	NA	26	med	2824449
cmag_102	60	99.37	0.16	NA	NA	NA	47	med	3276349
cmag_103	150	51.92	0	NA	NA	NA	7	med	761552
cmag_104	23	100	0	ERR4303197bin.30_NODE_127_length_103142_cov_129.392630 (993, 1101)	NA	NA	45	med	3658840
cmag_105	56	91.85	1.72	NA	NA	NA	37	med	2804514
cmag_106	76	89.7	3.53	ERR4303197bin.37_NODE_249_length_74395_cov_10.641377 (74333, 74392)	NA	NA	32	med	1283572
cmag_107	75	85.39	0	ERR4303197bin.62_NODE_2500_length_18371_cov_18.826491 (17822, 17934)	NA	NA	18	med	893702
cmag_108	59	90.14	0	NA	NA	NA	17	med	1392225
cmag_109	115	93.82	1.12	NA	NA	NA	31	med	1562192
cmag_110	28	99.52	0.48	2 present	NA	NA	43	med	2437745
cmag_111	322	90.86	0	NA	NA	NA	32	med	2208250
cmag_112	47	99.37	0.32	NA	NA	NA	47	med	3131515
cmag_113	55	78.98	0.85	NA	NA	NA	27	med	1798163
cmag_114	39	97.86	0.24	NA	NA	ERR4303198bin.53_NODE_696_length_51666_cov_12.364322 (50834, 51666)	35	med	2211363
cmag_115	37	99.66	1.34	NA	NA	NA	29	med	2527214
cmag_116	151	54.47	0	NA	NA	NA	3	med	607776
cmag_117	49	99.43	0.19	NA	NA	NA	41	med	2696881
cmag_118	282	66.45	0.68	NA	NA	NA	22	med	1455981
cmag_119	83	76.11	2.68	ERR4303198bin.91_NODE_1739_length_26271_cov_35.830027 (710, 806)	ERR4303198bin.91_NODE_1923_length_24119_cov_36.460563 (1, 899)	NA	32	med	1751572
cmag_120	98	95.32	1.27	NA	NA	NA	33	med	2845556
cmag_121	60	92.62	0	2 present	NA	NA	32	med	2057199
cmag_122	438	85.73	3.48	NA	NA	NA	21	med	2745716
cmag_123	62	96.29	2.44	NA	NA	NA	26	med	2778247
cmag_124	32	84	0	ERR4303200bin.10_NODE_5408_length_12297_cov_14.757801 (314, 420)	NA	NA	29	med	1096507
cmag_125	64	97.15	1.34	NA	NA	NA	32	med	2158217
cmag_126	192	98.12	1.71	NA	NA	NA	20	med	3647951
cmag_127	410	64.25	0.87	ERR4303201bin.25_NODE_17520_length_3266_cov_8.473373 (4, 87)	NA	NA	17	med	2387472
cmag_128	81	99.35	2.85	NA	NA	NA	31	med	3261444
cmag_129	360	74.23	0.9	NA	NA	NA	7	med	2256077
cmag_130	102	98.7	0.58	NA	NA	NA	33	med	2847713
cmag_131	85	78.81	0	NA	NA	NA	16	med	884959
cmag_132	33	72.39	1.4	NA	NA	NA	24	med	1219034
cmag_133	88	99.25	0.75	NA	NA	NA	16	med	1717928
cmag_134	163	69.83	0	NA	NA	NA	14	med	2160056
cmag_135	30	92.31	1.14	ERR4303202bin.9_NODE_2210_length_23473_cov_57.236613 (494, 594)	ERR4303202bin.9_NODE_2524_length_21474_cov_60.141183 (1, 888)	NA	37	med	1920022
cmag_136	55	99.48	0	NA	NA	NA	37	med	1998794
cmag_137	204	83.01	0.84	NA	NA	NA	20	med	2412031
cmag_138	312	84.3	1.45	NA	NA	NA	21	med	2443967
cmag_139	41	85.47	0	NA	NA	NA	34	med	1931803
cmag_140	77	95.16	0.07	NA	NA	NA	42	med	1847796
cmag_141	45	80.9	0	ERR4303218bin.13_NODE_2320_length_22213_cov_18.721816 (4, 87)	NA	NA	27	med	1017832
cmag_142	89	97.99	0	NA	NA	NA	25	med	1813008
cmag_143	247	95.66	0.47	ERR4303218bin.48_NODE_22276_length_3849_cov_8.168951 (2699, 2810)	NA	ERR4303218bin.48_NODE_22276_length_3849_cov_8.168951 (2893, 3849)	17	med	2065821
cmag_144	88	82.02	0	NA	NA	NA	32	med	1344703
cmag_145	46	91.59	0.04	NA	ERR4303218bin.59_NODE_26_length_201895_cov_62.368668 (154798, 156300)	NA	43	med	1822287
cmag_146	92	97.42	0.54	NA	NA	ERR4303218bin.72_NODE_34492_length_2736_cov_5309.441626 (1, 2631)	19	med	1792039
cmag_147	242	84.11	0.64	NA	NA	NA	23	med	2856925
cmag_148	196	86.47	1.69	NA	NA	NA	10	med	1875437
cmag_149	59	92.7	1.69	ERR4303219bin.47_NODE_3693_length_18711_cov_219.721001 (16998, 17071)	NA	ERR4303219bin.47_NODE_3693_length_18711_cov_219.721001 (17142, 18710)	39	med	1314054
cmag_150	78	92.13	3.37	ERR4303219bin.56_NODE_5006_length_15149_cov_17.263747 (51, 126)	NA	NA	22	med	1231256
cmag_151	92	75.89	0.6	ERR4303219bin.59_NODE_8199_length_10592_cov_48.035684 (10423, 10534)	NA	NA	20	med	1158747
cmag_152	183	67.59	0	NA	NA	NA	20	med	1896979
cmag_153	46	99.37	0.63	NA	NA	NA	37	med	2805402
cmag_154	155	56.72	0	NA	NA	NA	16	med	1225183
cmag_155	31	100	0	NA	NA	NA	41	med	2616151
cmag_156	361	63.48	0.81	ERR4303221bin.83_NODE_19259_length_3280_cov_11.564961 (672, 781)	NA	NA	25	med	1858366
cmag_157	117	80.02	0	NA	NA	NA	12	med	1098013
cmag_158	58	74.99	1.12	2 present	NA	NA	30	med	1907459
cmag_159	298	62.46	0	NA	NA	NA	16	med	2746489
cmag_160	171	92.5	1.15	NA	NA	NA	31	med	3345116
cmag_161	146	92.74	0	NA	NA	NA	31	med	1844765
cmag_162	134	98.28	1.13	NA	NA	NA	29	med	3916745
cmag_163	130	63.47	0.22	ERR4304397bin.60_NODE_25482_length_3025_cov_7.303704 (2931, 3019)	NA	NA	19	med	953397
cmag_164	55	91.57	2.25	ERR4304397bin.63_NODE_3659_length_15374_cov_164.388080 (2531, 2606)	ERR4304397bin.63_NODE_2023_length_23238_cov_158.696372 (20888, 22465)	ERR4304397bin.63_NODE_3659_length_15374_cov_164.388080 (2, 2465)	31	high	1337731
cmag_165	82	76.67	1.4	NA	ERR4304450_ERR4303136_ERR4303150bin.29_k141_85455 (2, 1258)	NA	31	med	1597001
cmag_166	27	97.76	0	3 present	NA	NA	43	med	2065432
cmag_167	172	97.17	1.71	3 present	NA	NA	69	med	5135207
cmag_168	56	98.66	0.17	NA	NA	NA	45	med	2583479
cmag_169	77	92.7	0	ERR4304450bin.39_NODE_1125_length_43720_cov_89.640032 (1020, 1093)	NA	ERR4304450bin.39_NODE_1125_length_43720_cov_89.640032 (1, 961)	34	med	1395435
cmag_170	59	93.18	0.29	NA	NA	NA	25	med	2411573
cmag_171	47	74.99	2.01	ERR4304450bin.52_NODE_845_length_51307_cov_20.576114 (51065, 51166)	NA	NA	17	med	1370201
cmag_172	61	97.32	0	NA	NA	NA	27	med	2290004
cmag_173	55	95.13	1.23	NA	NA	NA	27	med	2713554
cmag_174	73	80.22	1.45	NA	NA	NA	21	med	1250174
cmag_175	108	100	0.16	NA	NA	NA	50	med	3983945
cmag_176	216	74.3	2.01	ERR4304450bin.81_NODE_2296_length_27525_cov_33.509720 (491, 598)	NA	NA	20	med	2102792
cmag_177	35	97.96	0	NA	NA	NA	50	med	2964963
cmag_178	115	83.95	0.68	NA	NA	NA	24	med	2409017
cmag_179	199	93.29	2.35	ERR4304451bin.35_NODE_5045_length_11445_cov_8.800615 (2038, 2149)	NA	NA	20	med	2283608
cmag_180	59	97.88	0.94	NA	ERR4304451bin.39_NODE_1442_length_34863_cov_50.468944 (1, 555)	NA	41	med	2521746
cmag_181	115	99.33	0	2 present	ERR4304451bin.41_NODE_2067_length_26649_cov_40.469580 (2, 538)	NA	39	med	2808351
cmag_182	73	97.99	0	NA	NA	NA	35	med	2280601
cmag_183	65	77.9	2.26	NA	ERR4304451bin.5_NODE_919_length_47265_cov_18.017242 (46714, 47265)	NA	37	med	1776604
cmag_184	157	89.37	0.67	ERR4304451bin.56_NODE_10367_length_5066_cov_6.008382 (4956, 5062)	NA	NA	31	med	2170804
cmag_185	106	95.42	0	NA	NA	NA	21	med	3196870
cmag_186	79	98.12	0.69	NA	NA	NA	22	med	2707075
cmag_187	33	99.52	0.48	NA	NA	NA	42	med	3131297
cmag_188	38	91.46	0	ERR4304452bin.33_NODE_2305_length_25201_cov_12.698560 (293, 405)	NA	NA	31	med	883108
cmag_189	63	89.33	1.69	ERR4304452bin.4_NODE_18324_length_5318_cov_22.950219 (233, 305)	NA	NA	25	med	1124766
cmag_190	143	90.34	1.34	NA	NA	NA	24	med	2480385
cmag_191	72	67.5	2.35	ERR4304452bin.57_NODE_1992_length_27538_cov_25.462868 (27297, 27394)	NA	NA	14	med	1413303
cmag_192	76	83.87	1.12	NA	NA	NA	9	med	959547
cmag_193	86	96.18	0	2 present	NA	NA	30	med	2395030
cmag_194	246	90.23	0.81	NA	ERR4304452bin.98_NODE_19546_length_5026_cov_8.239388 (2, 530)	NA	24	med	2077066
cmag_195	221	64.08	0.34	NA	NA	NA	15	med	1157511
cmag_196	197	67.24	0	NA	NA	NA	19	med	1304820
cmag_197	129	95.69	3.45	ERR4304454bin.106_NODE_5881_length_12855_cov_118.361563 (397, 508)	NA	NA	33	med	2521794
cmag_198	47	98.28	1.72	NA	NA	NA	36	med	2782896
cmag_199	109	81.46	2.25	NA	NA	NA	31	med	1396184
cmag_200	106	96.77	0.81	NA	NA	NA	36	med	2045138
cmag_201	227	50.86	0	2 present	NA	NA	11	med	1327788
cmag_202	123	97.69	0.63	NA	NA	NA	35	med	3008656
cmag_203	255	80.64	0.87	ERR4304454bin.7_NODE_12575_length_7052_cov_17.894669 (1581, 1691)	NA	NA	21	med	1866472
cmag_204	285	60.62	0.67	ERR4304454bin.74_NODE_15606_length_5978_cov_11.776802 (191, 299)	NA	NA	17	med	1546798
cmag_205	290	59.41	0	NA	NA	NA	22	med	1347797
cmag_206	61	97.8	1.1	NA	NA	NA	38	med	1888410
cmag_207	105	96.74	1.49	NA	NA	NA	22	med	2700134
cmag_208	239	90.61	1.57	NA	NA	NA	26	med	2189674
cmag_209	34	97.32	0	ERR4304455bin.16_NODE_3238_length_21021_cov_25.313985 (20693, 20801)	NA	NA	41	med	2146476
cmag_210	39	70.85	3.02	NA	NA	NA	35	med	1396776
cmag_211	90	97.45	0.63	NA	NA	NA	39	med	3207594
cmag_212	254	69.54	3.36	NA	NA	NA	17	med	2019014
cmag_213	59	71.74	4.2	NA	NA	NA	20	med	1311711
cmag_214	49	99.33	0	NA	ERR4304455bin.70_NODE_262_length_85249_cov_16.344907 (84728, 85248)	NA	31	med	2003307
cmag_215	22	88.76	1.12	ERR4304455bin.71_NODE_445_length_66461_cov_31.696428 (140, 252)	ERR4304455bin.71_NODE_579_length_58415_cov_32.217409 (1, 566)	NA	33	med	1062611
cmag_216	145	98.82	0	NA	NA	NA	47	med	3216777
cmag_217	111	56.14	0	NA	NA	NA	9	med	1009281
cmag_218	73	94.83	0.77	NA	NA	NA	27	med	2739728
cmag_219	128	98.73	0.64	NA	NA	NA	39	med	4139268
cmag_220	58	99.41	0.79	NA	NA	NA	40	med	2946889
cmag_221	128	97.31	0.96	NA	NA	NA	31	med	3109691
cmag_222	229	73.37	0.03	ERR4304456bin.21_NODE_18442_length_5861_cov_8.280055 (5504, 5611)	NA	NA	2	med	1257642
cmag_223	29	99.6	0	NA	NA	NA	42	med	2505264
cmag_224	174	95.28	0.89	NA	NA	NA	36	med	2047633
cmag_225	220	85.58	0.75	NA	NA	NA	19	med	2013858
cmag_226	322	59.17	0.81	NA	NA	NA	5	med	1633888
cmag_227	39	95.5	1.75	NA	NA	NA	34	med	2730123
cmag_228	121	99.15	0	NA	NA	NA	32	med	3615934
cmag_229	38	100	0	NA	NA	NA	33	med	2752334
cmag_230	123	85.27	0	ERR4304456bin.61_NODE_10281_length_9768_cov_86.856378 (427, 505)	NA	NA	29	med	1499228
cmag_231	87	89.11	0	NA	NA	NA	20	med	1451907
cmag_232	127	88.93	1.34	2 present	NA	NA	33	med	2121306
cmag_233	283	53.32	0.34	NA	NA	NA	11	med	1192380
cmag_234	124	60.96	1.4	NA	NA	NA	20	med	1477023
cmag_235	98	97.32	0.67	NA	NA	NA	24	med	2952552
cmag_236	98	94.05	1.39	NA	NA	NA	25	med	1887488
cmag_237	150	95.3	0	3 present	NA	NA	45	med	2597117
cmag_238	146	96.98	1.34	NA	NA	NA	26	med	2602489
cmag_239	283	57.35	0	NA	NA	NA	7	med	1252916
cmag_240	15	97.32	0	NA	NA	NA	45	med	2150051
cmag_241	64	98.66	0	NA	NA	NA	30	med	1916542
cmag_242	48	74.6	1.57	ERR4304504bin.9_NODE_2361_length_30379_cov_32.451688 (94, 205)	NA	NA	28	med	1510752
cmag_243	30	99.01	0.48	NA	NA	NA	32	med	2249423
cmag_244	78	95.27	0.68	NA	NA	NA	44	med	2547127
cmag_245	18	99.4	0.6	NA	NA	NA	48	med	1909673
cmag_246	87	74.39	0.02	NA	NA	ERR4304505bin.31_NODE_4474_length_19738_cov_52.994157 (17450, 19737)	16	med	1810560
cmag_247	201	92.41	0.68	NA	NA	NA	31	med	2407524
cmag_248	69	99.57	0.38	NA	NA	NA	43	med	4000266
cmag_249	130	88.76	0	ERR4304505bin.69_NODE_15947_length_6728_cov_17.291623 (6312, 6385)	NA	NA	18	med	1173751
cmag_250	51	98.39	0	NA	NA	NA	44	med	2428404
cmag_251	338	85.32	0.68	NA	NA	NA	20	med	2031779
cmag_252	57	100	0.11	NA	NA	NA	51	med	2563437
cmag_253	197	89.02	0.6	NA	NA	NA	38	med	1607863
cmag_254	201	90.2	3.38	NA	NA	NA	44	med	4255732
cmag_255	68	93.89	2.03	NA	NA	NA	40	med	2121095
cmag_256	35	95.16	0.03	3 present	ERR4304580bin.90_NODE_71_length_192467_cov_255.899383 (667, 2161)	NA	40	med	1880247
cmag_257	300	97.78	1.18	NA	NA	NA	43	med	3727507
cmag_258	289	90.55	1.07	ERR4304580bin.96_NODE_17751_length_4789_cov_45.040135 (1320, 1429)	NA	NA	20	med	2648044
cmag_259	78	99.11	0.67	NA	NA	NA	47	med	3347190
cmag_260	129	89.8	1.34	2 present	NA	NA	23	med	2502581
cmag_261	69	71.94	0.7	2 present	NA	NA	21	med	1180055
cmag_262	248	93.13	1.48	NA	NA	NA	30	med	2458578
cmag_263	59	90.85	0	NA	NA	NA	32	med	1097302
cmag_264	112	73.6	0	NA	NA	NA	20	med	983368
cmag_265	164	61.38	0	ERR4336989bin.105_NODE_20278_length_6162_cov_6.473227 (78, 175)	NA	NA	2	med	820157
cmag_266	110	98.7	0.72	NA	NA	NA	55	med	2630024
cmag_267	99	98.17	0.52	NA	NA	NA	21	med	1925508
cmag_268	150	95.27	0.16	NA	NA	NA	25	med	2622647
cmag_269	325	69.18	2.7	NA	NA	NA	16	med	2034292
cmag_270	163	62.86	0.67	NA	NA	NA	11	med	1647449
cmag_271	77	98.51	0.56	NA	NA	NA	59	med	3589084
cmag_272	187	75.45	0	NA	NA	NA	16	med	1249237
cmag_273	330	68.99	1.27	NA	NA	NA	7	med	1930852
cmag_274	17	100	0	NA	NA	NA	33	med	1556603
cmag_275	272	52.78	0.19	NA	NA	NA	28	med	1251081
cmag_276	24	91.01	0	ERR4336989bin.79_NODE_4316_length_20458_cov_24.445719 (429, 534)	ERR4336989bin.79_NODE_262_length_107137_cov_24.706673 (106237, 107137)	ERR4336989bin.79_NODE_720_length_62880_cov_25.159459 (2, 812)	32	med	1225073
cmag_277	91	92.68	1.58	NA	NA	NA	47	med	2246882
cmag_278	379	59.39	1.75	NA	NA	NA	12	med	2392374
cmag_279	193	91.06	0.27	NA	NA	NA	40	med	2585601
cmag_280	129	59.56	0.86	ERR4336989bin.97_NODE_35942_length_3861_cov_4.760641 (517, 618)	NA	NA	34	med	764697
cmag_281	54	95.56	0.05	ERR4835843_bin.17_NODE_108_length_61034_cov_53.856951 (57329, 57437)	ERR4835843_bin.17_NODE_20_length_141095_cov_58.297504 (2, 1182)	NA	44	med	2821673
cmag_282	48	82.12	1.26	NA	NA	NA	28	med	1468763
cmag_283	170	69.28	0	NA	NA	NA	23	med	1286680
cmag_284	60	92.13	0.24	NA	NA	NA	29	med	1107451
cmag_285	89	94.3	0.67	NA	ERR4835846_bin.27_NODE_149_length_68168_cov_17.292705 (67244, 68168)	NA	41	med	2332756
cmag_286	121	93.3	0.81	NA	NA	NA	30	med	1882489
cmag_287	138	72.27	0	NA	NA	NA	27	med	1148233
cmag_288	199	95.3	0.96	ERR4835847_bin.22_NODE_8853_length_4104_cov_14.889355 (340, 450)	NA	NA	36	med	2148493
cmag_289	92	99.78	0.67	NA	NA	NA	43	med	2417500
cmag_290	60	92.7	2.25	ERR4835848_bin.3_NODE_890_length_10362_cov_16.201125 (8938, 9003)	NA	ERR4835848_bin.3_NODE_890_length_10362_cov_16.201125 (9109, 10361)	32	med	1394243
cmag_291	92	97.32	1.01	ERR4835851_bin.23_NODE_8769_length_3330_cov_17.616794 (1288, 1397)	NA	NA	40	med	2568959
cmag_292	62	86.4	0	2 present	NA	NA	31	med	2088091
cmag_293	146	93.55	0.03	2 present	NA	NA	34	med	1635933
cmag_294	60	80.8	0.83	NA	ERR4835853_bin.4_NODE_1318_length_10796_cov_7.518667 (1, 482)	NA	36	med	1205750
cmag_295	84	98.56	1.07	NA	NA	NA	42	med	3075777
cmag_296	77	79.69	1.79	NA	NA	NA	33	med	1838838
cmag_297	51	94.76	0.03	7 present	ERR4835857_bin.2_NODE_387_length_28362_cov_47.493694 (314, 1808)	NA	39	med	2191313
cmag_298	45	99.37	0.32	NA	NA	NA	47	med	3524480
cmag_299	48	100	0	NA	NA	NA	44	med	1942186
cmag_300	179	98.11	0	ERR4835858_bin.7_NODE_2036_length_10992_cov_60.917802 (10781, 10886)	NA	NA	32	med	3013371
cmag_301	35	82.95	2.62	ERR4835859_bin.17_NODE_366_length_51505_cov_10.117104 (208, 278)	NA	NA	31	med	829286
cmag_302	133	74.72	2.25	NA	NA	NA	29	med	1247643
cmag_303	22	91.46	0	ERR4835860_bin.27_NODE_637_length_27326_cov_20.941073 (594, 706)	ERR4835860_bin.27_NODE_154_length_69419_cov_21.802996 (68013, 69419)	ERR4835860_bin.27_NODE_3123_length_8746_cov_19.825797 (7565, 8744)	34	high	1120665
cmag_304	368	64.91	0	NA	NA	NA	34	med	2359589
cmag_305	32	85.39	0	NA	NA	NA	33	med	1130911
cmag_306	95	70.68	0.45	ERR4835861_bin.33_NODE_846_length_25235_cov_29.084353 (117, 224)	NA	NA	27	med	1678259
cmag_307	21	94.94	1.69	ERR4835861_bin.40_NODE_74_length_99874_cov_35.877779 (99400, 99470)	ERR4835861_bin.40_NODE_31_length_161989_cov_36.678468 (160401, 161987)	NA	37	med	1316916
cmag_308	166	97.32	0	NA	NA	NA	30	med	2977857
cmag_309	139	92.17	0.94	ERR4835864_bin.19_NODE_225_length_74404_cov_19.134514 (74319, 74404)	NA	NA	46	med	2598906
cmag_310	41	98.66	0	4 present	NA	NA	37	med	2364289
cmag_311	24	94.94	1.12	ERR4835864_bin.23_NODE_171_length_91236_cov_141.837839 (87945, 88019)	NA	ERR4835864_bin.23_NODE_171_length_91236_cov_141.837839 (88091, 91011)	33	med	1225725
cmag_312	7	89.74	0	ERR4835864_bin.28_NODE_29_length_255046_cov_107.239428 (253158, 253258)	NA	ERR4835864_bin.28_NODE_29_length_255046_cov_107.239428 (253481, 255046)	41	med	2073293
cmag_313	24	82.37	1.34	NA	NA	NA	33	med	1812927
cmag_314	41	97.93	0.11	ERR4835864_bin.34_NODE_523_length_38604_cov_33.776363 (36904, 37009)	NA	ERR4835864_bin.34_NODE_523_length_38604_cov_33.776363 (37112, 38600)	56	med	6153813
cmag_315	84	96.84	0	NA	NA	NA	44	med	3685284
cmag_316	59	71.14	0	NA	NA	NA	17	med	930665
cmag_317	116	82.98	0	NA	NA	NA	25	med	997233
cmag_318	102	82.67	0	NA	NA	NA	25	med	1214690
cmag_319	133	62.67	1.33	ERR4835866_bin.40_NODE_4113_length_8828_cov_11.790038 (3, 67)	NA	NA	13	med	1011560
cmag_320	133	99.25	0.56	NA	ERR4835867_bin.13_NODE_10883_length_2594_cov_22.469476 (2, 627)	2 present	54	med	5636328
cmag_321	97	91.45	0.83	NA	NA	NA	33	med	1822435
cmag_322	67	94.88	0	3 present	NA	NA	30	med	2142491
cmag_323	52	71.86	3.24	NA	ERR4835869_bin.10_NODE_2853_length_12537_cov_25.623698 (1, 818)	NA	37	med	1668609
cmag_324	98	94.02	0.58	NA	NA	NA	39	med	3458225
cmag_325	50	90.94	0	3 present	NA	NA	43	med	2340593
cmag_326	84	96.89	0	NA	NA	NA	44	med	3482370
cmag_327	81	73.92	0	NA	NA	NA	42	med	1432499
cmag_328	190	82.66	0.89	ERR4835870_bin.17_NODE_15892_length_2805_cov_16.834909 (2638, 2748)	NA	NA	31	med	1840231
cmag_329	45	98.66	0	ERR4835871_bin.25_NODE_648_length_36193_cov_37.673142 (265, 365)	NA	NA	44	med	2904326
cmag_330	75	85.75	0.25	NA	NA	NA	42	med	2512031
cmag_331	28	89.74	0.85	ERR4835932_bin.29_NODE_1347_length_19224_cov_45.977724 (18174, 18274)	NA	ERR4835932_bin.29_NODE_1347_length_19224_cov_45.977724 (18390, 19221)	40	med	1987863
cmag_332	25	99.82	0	NA	ERR4835932_bin.32_NODE_1586_length_16767_cov_64.505385 (12867, 14361)	ERR4835932_bin.32_NODE_1586_length_16767_cov_64.505385 (14836, 16767)	36	med	1822282
cmag_333	66	89.74	0.85	NA	NA	NA	39	med	2017682
cmag_334	51	69.51	3.24	NA	NA	NA	33	med	1554345
cmag_335	120	94.39	0.68	ERR4835934_bin.22_NODE_269_length_42358_cov_53.959601 (11351, 11461)	NA	NA	46	med	2696597
cmag_336	28	92.31	0.85	ERR4835934_bin.5_NODE_104_length_69875_cov_34.796104 (715, 817)	ERR4835934_bin.5_NODE_3_length_378491_cov_35.917008 (1110, 2629)	ERR4835934_bin.5_NODE_3_length_378491_cov_35.917008 (1, 871)	44	high	2129346
cmag_337	128	92.9	0.64	NA	NA	NA	31	med	2721224
cmag_338	50	99.33	0	ERR4835935_bin.42_NODE_3640_length_10501_cov_99.248803 (10336, 10431)	NA	NA	47	med	2734330
cmag_339	46	94.76	0.08	ERR4835990_bin.24_NODE_992_length_28224_cov_29.365224 (784, 892)	NA	NA	43	med	2599179
cmag_340	23	78.01	0.78	NA	NA	NA	34	med	1709442
cmag_341	353	60	0	ERR4835990_bin.33_NODE_9426_length_4252_cov_7.645461 (3743, 3851)	NA	NA	8	med	2214018
cmag_342	49	94.76	0.03	ERR4835990_bin.4_NODE_301_length_61263_cov_61.458143 (61180, 61262)	ERR4835990_bin.4_NODE_11018_length_3726_cov_60.226096 (2943, 3726)	NA	33	med	1867601
cmag_343	277	78.98	1.12	NA	NA	NA	30	med	1701093
cmag_344	127	94.09	0.21	NA	NA	NA	29	med	2976721
cmag_345	108	98.85	0.19	NA	NA	NA	30	med	3327247
cmag_346	51	95.16	0	3 present	NA	NA	40	med	1912091
cmag_347	215	76.97	2.68	ERR4835994_bin.28_NODE_221_length_51592_cov_13.270058 (51270, 51375)	NA	NA	13	med	1922889
cmag_348	67	97.33	0.24	NA	ERR4835994_bin.32_NODE_1907_length_13525_cov_70.379213 (1, 843)	NA	35	med	1668997
cmag_349	101	96.42	1.61	NA	NA	NA	35	med	3364244
cmag_350	15	78.65	0	ERR4835995_bin.4_NODE_269_length_73329_cov_10.656468 (72706, 72812)	NA	ERR4835995_bin.4_NODE_853_length_35618_cov_10.382617 (2, 1043)	25	med	816127
cmag_351	151	99.85	0.81	NA	NA	NA	41	med	2927887
cmag_352	140	97.69	0.67	3 present	NA	ERR4835995_bin.58_NODE_645_length_42710_cov_15.850498 (1, 1934)	52	med	2779708
cmag_353	59	92.7	1.12	ERR4835996_bin.41_NODE_1490_length_18480_cov_24.022361 (389, 459)	ERR4835996_bin.41_NODE_6857_length_5735_cov_27.999120 (4629, 5735)	NA	27	med	1342457
cmag_354	84	94.54	0	NA	NA	NA	31	med	2068543
cmag_355	162	98.5	0.13	NA	NA	NA	29	med	2227859
cmag_356	50	69.16	1.23	ERR4836027_bin.15_NODE_995_length_24409_cov_14.781884 (24178, 24290)	NA	NA	29	med	1574477
cmag_357	78	92.7	1.28	NA	ERR4836027_bin.2_NODE_2644_length_12295_cov_40.818382 (11890, 12294)	ERR4836027_bin.2_NODE_618_length_32898_cov_38.629936 (32036, 32898)	25	med	1542296
cmag_358	67	72.22	1.42	ERR4836027_bin.29_NODE_2542_length_12628_cov_10.361171 (250, 362)	NA	NA	19	med	1220498
cmag_359	58	94.35	0.03	ERR4836028_bin.15_NODE_984_length_23190_cov_21.571947 (23110, 23189)	NA	NA	30	med	2154090
cmag_360	41	75.55	2.01	2 present	NA	NA	34	med	2072233
cmag_361	79	97.47	2.46	NA	NA	NA	41	med	3258601
cmag_362	92	82.89	0	NA	NA	NA	21	med	1049915
cmag_363	39	82.91	0	ERR4836036_bin.31_NODE_1950_length_16601_cov_35.336396 (16321, 16420)	NA	NA	40	med	1609023
cmag_364	130	100	0	2 present	NA	2 present	41	med	3119853
cmag_365	23	77.02	2.1	NA	NA	NA	32	med	1518545
cmag_366	71	67.59	0.39	ERR4836036_bin.47_NODE_13887_length_3491_cov_22.498254 (3310, 3421)	NA	NA	25	med	1280196
cmag_367	31	75.77	2.68	NA	NA	NA	27	med	1522655
cmag_368	40	100	0.48	NA	NA	NA	44	med	2996059
cmag_369	73	96.77	0	NA	ERR4836037_bin.28_NODE_8419_length_8309_cov_113.362491 (1, 762)	NA	33	med	2301458
cmag_370	326	86.39	1.34	NA	NA	NA	38	med	2537235
cmag_371	121	97.17	0	NA	NA	NA	30	med	1896656
cmag_372	14	98.66	0	ERR4836886_bin.12_NODE_129_length_64063_cov_26.401669 (35189, 35299)	NA	NA	38	med	2059979
cmag_373	131	97.33	0.67	ERR4836886_bin.36_NODE_5235_length_7899_cov_13.884753 (7615, 7725)	NA	NA	40	med	2531639
cmag_374	90	96.43	2.91	3 present	NA	NA	39	med	2509339
cmag_375	116	58.13	0	NA	NA	NA	19	med	1483614
cmag_376	93	75.21	1.23	NA	NA	NA	29	med	1506817
cmag_377	29	77.23	0.22	2 present	NA	NA	34	med	1543262
cmag_378	64	79.91	0	ERR4836887_bin.5_NODE_6473_length_6810_cov_7.687639 (247, 354)	NA	NA	17	med	1131316
cmag_379	248	97.28	0.11	NA	NA	NA	57	med	3244311
cmag_380	44	77.12	3.24	NA	NA	NA	31	med	1697654
cmag_381	53	93.12	0.86	NA	ERR4836888_bin.30_NODE_972_length_30468_cov_11.752704 (2, 672)	NA	42	med	1783074
cmag_382	99	100	0	NA	NA	NA	51	med	2285586
cmag_383	201	88.22	1.37	ERR4836889_bin.41_NODE_19524_length_2725_cov_9.886142 (2254, 2361)	NA	NA	28	med	2072116
cmag_384	90	89.78	0.56	ERR4836889_bin.9_NODE_1055_length_25246_cov_14.177127 (264, 334)	NA	NA	17	med	1199736
cmag_385	167	52.83	0	NA	NA	NA	6	med	942783
cmag_386	26	85.46	0.6	NA	NA	NA	42	med	1519461
cmag_387	25	78.01	2.24	NA	NA	NA	32	med	1727870
cmag_388	98	73.93	1.1	NA	NA	NA	15	med	743494
cmag_389	66	75.88	4.76	ERR4836908_bin.47_NODE_14926_length_4538_cov_16.517064 (4435, 4535)	NA	NA	26	med	1133234
cmag_390	31	70.89	4.04	2 present	ERR4836908_bin.48_NODE_1080_length_29066_cov_27.794147 (1, 904)	NA	26	med	1524031
cmag_391	48	94.42	0	NA	NA	NA	34	med	2061977
cmag_392	29	99.52	0	NA	NA	NA	40	med	1848010
cmag_393	417	60.69	0	NA	NA	NA	20	med	2904563
cmag_394	23	98.02	0	NA	ERR4836913_bin.8_NODE_91_length_75068_cov_14.074107 (73500, 75026)	NA	52	med	1755280
cmag_395	31	99.56	0	NA	NA	NA	34	med	1605230
cmag_396	112	77.34	0.78	ERR4836918_bin.17_NODE_135_length_60242_cov_12.684699 (59893, 59989)	NA	NA	30	med	1912329
cmag_397	153	95.97	0.81	NA	NA	NA	28	med	2343549
cmag_398	97	87.91	1.85	ERR4836924_bin.33_NODE_4389_length_6631_cov_15.754106 (6530, 6604)	NA	NA	20	med	1204580
cmag_399	107	77.05	2.5	ERR4836924_bin.7_NODE_8160_length_4240_cov_25.328076 (4017, 4115)	NA	NA	29	med	2012951
cmag_400	221	84.47	1.75	NA	NA	NA	23	med	1950364
cmag_401	31	95.22	2.41	NA	NA	NA	36	med	1574985
cmag_402	57	88.03	0.85	NA	ERR4836925_bin.9_NODE_2650_length_6439_cov_15.997180 (5761, 6438)	NA	33	med	2071361
cmag_403	61	95.97	0	ERR4836926_bin.106_NODE_2001_length_30189_cov_73.848975 (30103, 30188)	NA	NA	23	med	2630508
cmag_404	151	69.32	3.71	NA	NA	NA	13	med	1632989
cmag_405	99	97.99	2.01	ERR4836926_bin.25_NODE_869_length_48929_cov_12.280804 (99, 206)	NA	NA	25	med	2490705
cmag_406	154	80.85	1.45	NA	NA	NA	28	med	2155826
cmag_407	279	86.31	0.74	NA	NA	NA	31	med	2312027
cmag_408	250	85.73	0	NA	NA	NA	23	med	1577228
cmag_409	88	100	0.13	NA	NA	NA	49	med	2669510
cmag_410	107	97.99	1.79	2 present	NA	NA	47	med	2731431
cmag_411	189	91.92	0	NA	NA	NA	25	med	2474169
cmag_412	108	96.98	0.67	ERR4836926_bin.83_NODE_1807_length_32129_cov_21.069496 (148, 260)	NA	NA	27	med	2795255
cmag_413	77	79.06	0.67	NA	NA	NA	16	med	1603129
cmag_414	102	71.21	2.63	NA	NA	NA	33	med	1527168
cmag_415	54	94.93	0.63	NA	NA	NA	43	med	3170969
cmag_416	55	94.65	0	NA	NA	NA	26	med	2962043
cmag_417	88	92.22	2.03	NA	ERR4836928_bin.9_NODE_8392_length_3113_cov_12.508502 (2, 436)	NA	43	med	1918010
cmag_418	58	99.36	0	NA	NA	NA	33	med	3566790
cmag_419	85	94.48	3.7	NA	NA	NA	30	med	2874913
cmag_420	35	99.6	0	NA	NA	NA	46	med	2975661
cmag_421	186	96.73	0.59	NA	NA	NA	44	med	3530376
cmag_422	38	96.55	0	NA	NA	NA	23	med	3491845
cmag_423	539	60.01	1.76	NA	NA	NA	10	med	2374476
cmag_424	65	99.46	0	2 present	NA	NA	48	med	3863742
cmag_425	11	75.27	0.81	ERR4836935_bin.26_NODE_3709_length_9896_cov_59.878061 (9803, 9893)	NA	ERR4836935_bin.26_NODE_90_length_141362_cov_59.499650 (138869, 141362)	42	med	1219035
cmag_426	132	98.28	1.68	NA	ERR4836936_bin.13_NODE_262_length_51855_cov_139.742008 (51273, 51854)	NA	43	med	4813485
cmag_427	143	92.21	0.29	NA	NA	NA	40	med	3326986
cmag_428	35	89.89	1.12	ERR4836937_bin.12_NODE_942_length_24809_cov_26.650158 (336, 411)	ERR4836937_bin.12_NODE_803_length_27592_cov_26.463594 (27158, 27592)	NA	22	med	1140036
cmag_429	113	90.89	0.4	NA	NA	NA	44	med	1752047
cmag_430	23	97.18	0.81	ERR4836937_bin.24_NODE_30_length_188371_cov_9.592085 (131337, 131453)	ERR4836937_bin.24_NODE_8_length_313976_cov_9.384982 (112736, 114196)	ERR4836937_bin.24_NODE_8_length_313976_cov_9.384982 (135240, 138127)	43	high	1712317
cmag_431	64	93.95	0.05	ERR4836937_bin.35_NODE_292_length_56546_cov_51.634048 (2, 83)	NA	NA	38	med	2479053
cmag_432	115	93.04	0.81	NA	NA	NA	44	med	2155347
cmag_433	37	99.19	0.81	NA	NA	NA	50	med	2288629
cmag_434	343	66.83	1.08	NA	NA	NA	16	med	1580747
cmag_435	70	89.85	1.12	ERR4836937_bin.9_NODE_15000_length_3177_cov_18.345291 (2906, 2981)	ERR4836937_bin.9_NODE_1384_length_18638_cov_18.863477 (1, 855)	NA	25	med	1373720
cmag_436	35	89.6	0	NA	2 present	NA	45	med	1787766
cmag_437	23	99.25	0	NA	ERR4836938_bin.26_NODE_120_length_95398_cov_59.900276 (2672, 4195)	ERR4836938_bin.26_NODE_120_length_95398_cov_59.900276 (3, 2257)	48	med	2502710
cmag_438	63	92.51	0	NA	NA	NA	45	med	2154164
cmag_439	43	96.15	0.48	NA	NA	NA	32	med	2451899
cmag_440	77	92	1.71	ERR4836939_bin.30_NODE_1142_length_24510_cov_9.338540 (259, 359)	NA	NA	42	med	2164652
cmag_441	269	90.98	0.02	NA	NA	NA	32	med	2584013
cmag_442	60	99.6	0	NA	NA	NA	47	med	2136201
cmag_443	65	76.55	0.35	NA	NA	NA	37	med	1460140
cmag_444	191	86.32	1.37	NA	ERR4836940_bin.4_NODE_8421_length_3441_cov_7.249262 (2683, 3441)	NA	30	med	1623273
cmag_445	87	96.05	0	NA	NA	NA	32	med	3351159
cmag_446	233	94.3	1.01	ERR4836941_bin.22_NODE_803_length_28851_cov_8.961557 (159, 269)	NA	NA	33	med	2575524
cmag_447	246	53.76	0	NA	NA	NA	22	med	2037894
cmag_448	20	97.33	0.11	NA	NA	NA	44	med	1691574
cmag_449	42	91.29	1.12	ERR4836942_bin.46_NODE_703_length_39415_cov_43.731733 (1866, 1938)	NA	ERR4836942_bin.46_NODE_703_length_39415_cov_43.731733 (2, 1796)	26	med	1076881
cmag_450	24	92.42	3.37	ERR4836942_bin.7_NODE_1435_length_23561_cov_12.784140 (384, 460)	NA	NA	35	med	1153749
cmag_451	58	94.76	0.03	NA	ERR4836944_bin.18_NODE_128_length_113609_cov_81.609904 (112482, 113606)	NA	45	med	2928401
cmag_452	84	98.66	0	ERR4836946_bin.19_NODE_1229_length_25189_cov_81.838187 (24847, 24947)	NA	NA	50	med	3038737
cmag_453	194	88.84	0.17	ERR4836946_bin.32_NODE_2188_length_15415_cov_25.052083 (14872, 14981)	NA	NA	35	med	2673266
cmag_454	27	99.52	0	NA	NA	NA	39	med	2151221
cmag_455	56	96.27	0.16	NA	NA	NA	47	med	2700461
cmag_456	30	90.47	0.22	ERR4836947_bin.56_NODE_165_length_87112_cov_18.423941 (86474, 86584)	NA	NA	45	med	1682169
cmag_457	32	92.31	0.57	NA	NA	NA	27	med	1728130
cmag_458	57	97.75	0	NA	NA	NA	40	med	1686567
cmag_459	22	95.6	0	NA	NA	NA	41	med	1811249
cmag_460	61	98.66	0	NA	NA	NA	41	med	2451985
cmag_461	85	92.74	0.05	ERR4836949_bin.12_NODE_574_length_46610_cov_28.786876 (45425, 45534)	ERR4836949_bin.12_NODE_2434_length_15708_cov_41.472370 (1, 1047)	ERR4836949_bin.12_NODE_574_length_46610_cov_28.786876 (45751, 46607)	38	high	2101064
cmag_462	55	98.88	0	NA	NA	NA	66	med	3625938
cmag_463	155	96.56	0.22	ERR4836949_bin.36_NODE_3973_length_10197_cov_67.871623 (9897, 10005)	NA	NA	45	med	3108215
cmag_464	75	98.94	0	NA	NA	NA	59	med	1965030
cmag_465	101	99.26	0	NA	NA	NA	36	med	1871448
cmag_466	45	97.99	0.67	ERR4836950_bin.25_NODE_26_length_182289_cov_26.627819 (54266, 54376)	NA	NA	35	med	2175498
cmag_467	26	92.31	1.14	NA	ERR4836950_bin.3_NODE_1034_length_23108_cov_42.071010 (2, 932)	NA	40	med	1906818
cmag_468	122	73.51	1.17	ERR4836950_bin.43_NODE_2017_length_14151_cov_9.615707 (14063, 14150)	NA	NA	30	med	1492899
cmag_469	106	97.7	0.77	NA	NA	NA	41	med	4607492
cmag_470	147	93.16	1.68	NA	NA	NA	43	med	2622128
cmag_471	33	93.18	0	NA	NA	NA	42	med	1894217
cmag_472	224	93.68	1.89	NA	NA	NA	30	med	3435000
cmag_473	22	99.25	0	NA	NA	NA	44	med	2410226
cmag_474	20	91.57	1.12	ERR4836956_bin.18_NODE_4505_length_7795_cov_24.956331 (452, 564)	ERR4836956_bin.18_NODE_363_length_51235_cov_28.105803 (45796, 47401)	NA	39	med	1257298
cmag_475	56	91.57	0	NA	NA	NA	28	med	1337055
cmag_476	47	98.28	0	NA	ERR4836956_bin.34_NODE_293_length_60124_cov_15.735021 (2, 828)	NA	23	med	2607692
cmag_477	137	92.98	0	NA	NA	NA	32	med	2935244
cmag_478	267	73.89	2.01	ERR4836957_bin.34_NODE_14371_length_2985_cov_5.308191 (1, 84)	NA	NA	29	med	1540865
cmag_479	121	90.12	0.03	ERR4836957_bin.5_NODE_153_length_84472_cov_19.714524 (1, 80)	NA	NA	47	med	2429415
cmag_480	31	97.32	0.67	3 present	NA	NA	42	med	2538112
cmag_481	132	92.57	2.03	NA	NA	NA	45	med	4163799
cmag_482	19	80.72	0.29	NA	NA	NA	43	med	2184402
cmag_483	139	92.95	1.03	2 present	ERR4836958_bin.25_NODE_3117_length_12107_cov_17.858032 (11651, 12106)	NA	37	med	2677779
cmag_484	33	95.27	0.68	NA	NA	NA	44	med	2689782
cmag_485	181	53.35	0	NA	NA	NA	14	med	720853
cmag_486	83	98.49	0.75	ERR4836958_bin.38_NODE_3229_length_11624_cov_88.076325 (11302, 11396)	NA	NA	45	med	3032654
cmag_487	76	96.77	1.25	NA	NA	NA	49	med	1830967
cmag_488	60	100	0	NA	NA	NA	41	med	2893282
cmag_489	78	97.38	1.25	NA	NA	NA	48	med	2406759
cmag_490	233	92.05	2.01	ERR4836959_bin.41_NODE_3261_length_11911_cov_14.902665 (11371, 11481)	NA	NA	30	med	2676813
cmag_491	70	99.04	0	NA	NA	NA	39	med	1755175
cmag_492	50	99.09	0.08	NA	NA	NA	58	med	2235416
cmag_493	91	97.79	0	NA	NA	NA	36	med	1920449
cmag_494	105	99.63	0.37	NA	NA	NA	20	med	2719454
cmag_495	45	93.58	0	NA	NA	NA	29	med	1413993
cmag_496	72	96.2	0	NA	NA	NA	37	med	3063655
cmag_497	45	90.62	1.12	NA	NA	NA	30	med	1049414
cmag_498	57	96.24	0.03	ERR4836961_bin.70_NODE_1285_length_31377_cov_21.921078 (4583, 4682)	NA	NA	27	med	1766545
cmag_499	128	96.64	0.06	ERR4836961_bin.71_NODE_20389_length_3673_cov_43.399116 (1710, 1821)	NA	NA	40	med	2409576
cmag_500	272	75.89	0	NA	NA	NA	26	med	1930957
cmag_501	34	98.75	0.62	NA	NA	NA	49	med	2379011
cmag_502	57	99.21	0	NA	NA	NA	40	med	3385948
cmag_503	27	99.51	0.36	NA	NA	NA	45	med	2115730
cmag_504	80	96.55	2.14	NA	NA	NA	30	med	2802305
cmag_505	35	97.85	0	NA	ERR4836963_bin.73_NODE_4846_length_15345_cov_90.908371 (1, 884)	NA	42	med	1915443
cmag_506	22	88.89	0	NA	NA	NA	41	med	2148972
cmag_507	75	94.76	0	NA	NA	NA	31	med	1762982
cmag_508	50	99.18	0	NA	NA	NA	50	med	1916237
cmag_509	46	99.82	0.55	NA	NA	NA	25	med	1635300
cmag_510	82	99.97	0.07	NA	NA	NA	68	med	4775931
cmag_511	27	99.62	0	NA	NA	NA	41	med	3169318
cmag_512	50	93.82	2.25	ERR4836964_bin.35_NODE_659_length_52544_cov_56.491151 (52128, 52201)	NA	NA	33	med	1496360
cmag_513	53	87.04	1.75	NA	ERR4836964_bin.45_NODE_1485_length_28581_cov_75.644745 (27680, 28581)	NA	33	med	1630570
cmag_514	264	87.84	1.01	NA	NA	NA	33	med	2743970
cmag_515	97	88.22	0	NA	NA	NA	25	med	1973265
cmag_516	23	74.32	0	NA	NA	NA	30	med	1321764
cmag_517	129	89.78	0	NA	NA	NA	37	med	1622568
cmag_518	95	84.83	1.69	ERR4836965_bin.89_NODE_8098_length_9036_cov_40.626434 (264, 334)	ERR4836965_bin.89_NODE_15976_length_5283_cov_45.022953 (1, 855)	NA	32	med	1489466
cmag_519	12	99.44	0.11	NA	NA	NA	38	med	1685240
cmag_520	112	53.64	0	NA	NA	NA	6	med	518909
cmag_521	61	93.82	1.12	NA	ERR4836966_bin.15_NODE_1114_length_44376_cov_149.102818 (11857, 13424)	ERR4836966_bin.15_NODE_1114_length_44376_cov_149.102818 (8669, 11584)	32	med	1273396
cmag_522	36	84.92	1.12	ERR4836966_bin.3_NODE_1501_length_35542_cov_7.091724 (154, 227)	NA	NA	28	med	976294
cmag_523	185	57.21	0	NA	NA	NA	11	med	948784
cmag_524	261	88.51	0.27	NA	NA	NA	41	med	3086640
cmag_525	40	98.23	3.45	ERR4836966_bin.50_NODE_824_length_54509_cov_41.360671 (54122, 54233)	NA	NA	33	med	2549008
cmag_526	20	91.17	1.71	ERR4836966_bin.55_NODE_773_length_56971_cov_41.200278 (56888, 56971)	NA	NA	42	med	1874082
cmag_527	51	69.84	0.7	ERR4836966_bin.76_NODE_9597_length_7850_cov_18.203335 (7605, 7717)	NA	NA	26	med	1366261
cmag_528	225	94.06	0.8	ERR4836966_bin.8_NODE_4442_length_15249_cov_5.395288 (15166, 15249)	NA	NA	36	med	2058270
cmag_529	285	63.59	1.96	NA	NA	NA	14	med	1564650
cmag_530	79	97.01	0.31	ERR4836966_bin.83_NODE_262_length_104228_cov_674.690198 (1, 82)	NA	NA	49	med	3550836
cmag_531	37	97.8	1.1	NA	NA	NA	42	med	1502965
cmag_532	65	57.76	0	3 present	3 present	7 present	46	med	735042
cmag_533	78	77.62	0	NA	NA	NA	41	med	1495905
cmag_534	112	89.33	3.37	NA	ERR4968560_bin.12_NODE_546_length_16223_cov_16.174975 (12337, 13893)	ERR4968560_bin.12_NODE_546_length_16223_cov_16.174975 (14084, 16220)	28	med	1481487
cmag_535	90	99.21	0.07	NA	NA	NA	45	med	3439756
cmag_536	99	91.42	0	NA	NA	NA	28	med	1678359
cmag_537	142	97.09	1	NA	NA	NA	45	med	3222013
cmag_538	99	99.69	0.79	3 present	NA	NA	58	med	2622722
cmag_539	32	90.03	0.85	NA	NA	NA	38	med	1979491
cmag_540	26	98.02	1.88	NA	NA	NA	47	med	1842217
cmag_541	67	98.05	0.37	NA	NA	NA	48	med	3549947
cmag_542	108	88.99	1.38	NA	NA	NA	28	med	2464105
cmag_543	117	97.01	0.45	NA	NA	ERR4968569_bin.27_NODE_11332_length_2583_cov_155.792722 (1, 2478)	61	med	4319287
cmag_544	122	78.04	2.3	ERR4968570_bin.16_NODE_1656_length_14122_cov_23.006043 (1085, 1182)	NA	ERR4968570_bin.16_NODE_1656_length_14122_cov_23.006043 (1, 965)	20	med	1688918
cmag_545	136	89.17	0	NA	NA	NA	28	med	2257182
cmag_546	80	97.99	0.67	NA	NA	NA	54	med	2638403
cmag_547	50	80.8	1.17	2 present	ERR4968574_bin.18_NODE_294_length_61074_cov_20.462233 (60077, 61074)	NA	32	med	1785816
cmag_548	17	88.03	1.28	NA	NA	NA	41	med	1961911
cmag_549	53	92.7	2.81	ERR4968575_bin.35_NODE_295_length_39055_cov_80.774769 (35436, 35511)	ERR4968575_bin.35_NODE_609_length_26194_cov_76.862696 (1, 1237)	ERR4968575_bin.35_NODE_295_length_39055_cov_80.774769 (35586, 38500)	37	high	1408244
cmag_550	179	83.22	0.25	NA	NA	NA	19	med	1936432
cmag_551	77	96.64	0	ERR4968576_bin.9_NODE_98_length_69375_cov_8.359665 (60483, 60591)	NA	NA	30	med	2051142
cmag_552	103	61.31	1.68	ERR4968577_bin.3_NODE_1053_length_18541_cov_6.703830 (18265, 18377)	NA	NA	28	med	1293532
cmag_553	12	88.89	0.85	ERR4968577_bin.33_NODE_231_length_50814_cov_22.321953 (50350, 50451)	ERR4968577_bin.33_NODE_11_length_243526_cov_23.360667 (242857, 243526)	NA	42	med	1734774
cmag_554	29	93.14	1.31	ERR4968579_bin.26_NODE_797_length_30795_cov_8.644079 (4, 99)	NA	NA	44	med	1470952
cmag_555	81	94.94	3.37	ERR4968579_bin.33_NODE_154_length_88877_cov_32.948459 (236, 309)	ERR4968579_bin.33_NODE_572_length_39539_cov_33.126304 (1, 850)	NA	34	med	1721405
cmag_556	127	65.65	1.05	NA	NA	NA	31	med	1632446
cmag_557	22	91.17	0.85	NA	NA	NA	38	med	1924390
cmag_558	178	98.88	0.17	NA	NA	NA	50	med	4914304
cmag_559	25	97.96	0	NA	NA	NA	45	med	2701272
cmag_560	101	97.32	0	NA	NA	NA	29	med	2435962
cmag_561	65	91.57	0	ERR4968585_bin.1_NODE_11523_length_3574_cov_26.314294 (3375, 3457)	NA	NA	27	med	1279722
cmag_562	63	98.89	0.68	NA	NA	NA	39	med	3118135
cmag_563	44	98.7	0.19	NA	NA	NA	44	med	3071775
cmag_564	71	97.99	0.67	ERR4968586_bin.17_NODE_162_length_83104_cov_51.125492 (82902, 82998)	NA	NA	42	med	2717587
cmag_565	91	98.15	0.06	2 present	NA	NA	37	med	2290656
cmag_566	61	98.91	0	NA	NA	NA	41	med	1882129
cmag_567	69	96.64	0	NA	NA	ERR4968586_bin.9_NODE_365_length_57115_cov_16.782825 (55780, 57114)	41	med	2415136
cmag_568	83	98.64	1.17	NA	NA	NA	39	med	3029203
cmag_569	115	97.97	0.34	NA	2 present	ERR4968587_bin.9_NODE_6297_length_4223_cov_46.303263 (296, 3330)	38	med	2717466
cmag_570	102	98.28	0.72	NA	NA	NA	46	med	4234880
cmag_571	50	98.73	0	NA	NA	NA	51	med	3537725
cmag_572	126	79.09	0.8	ERR4968590_bin.2_NODE_5652_length_7856_cov_14.994360 (7493, 7601)	NA	NA	19	med	2113016
cmag_573	99	98.69	0	NA	NA	NA	31	med	3246738
cmag_574	49	69.51	0.67	NA	NA	NA	26	med	1414678
cmag_575	92	67.03	1.33	ERR4968590_bin.6_NODE_3226_length_12533_cov_6.423465 (226, 301)	NA	NA	15	med	971568
cmag_576	230	90.26	1.01	NA	NA	NA	32	med	2134707
cmag_577	68	96.46	0.95	NA	NA	NA	27	med	3123330
cmag_578	72	94.76	0	NA	ERR4968593_bin.10_NODE_1485_length_19569_cov_87.350876 (2, 433)	NA	29	med	1873960
cmag_579	53	85.96	0	NA	NA	NA	30	med	1283985
cmag_580	16	69.4	0.67	ERR4968593_bin.22_NODE_4475_length_9068_cov_11.940863 (8658, 8755)	ERR4968593_bin.22_NODE_567_length_37348_cov_15.511919 (36568, 37348)	NA	39	med	995667
cmag_581	179	88.09	0.03	NA	NA	NA	11	med	1583540
cmag_582	48	54.55	0	NA	NA	NA	13	med	679398
cmag_583	121	100	0	NA	NA	NA	40	med	2754515
cmag_584	181	97.34	2.27	NA	NA	NA	29	med	2624615
cmag_585	91	94.76	0.4	NA	NA	NA	36	med	1175406
cmag_586	35	92.99	0.85	ERR4968595_bin.6_NODE_162_length_75792_cov_174.215865 (72331, 72433)	ERR4968595_bin.6_NODE_170_length_73855_cov_176.147100 (2, 797)	ERR4968595_bin.6_NODE_162_length_75792_cov_174.215865 (72507, 75508)	48	high	2296320
cmag_587	44	98.66	0.89	NA	NA	NA	38	med	2361495
cmag_588	67	82.79	2.35	ERR4968597_bin.16_NODE_10350_length_5405_cov_24.514019 (152, 247)	NA	NA	27	med	1875100
cmag_589	317	63.39	1.72	ERR4968597_bin.17_NODE_4819_length_10028_cov_8.592901 (97, 206)	NA	NA	23	med	2280796
cmag_590	52	99.26	0	ERR4968597_bin.38_NODE_26_length_190137_cov_268.396850 (189618, 189723)	NA	NA	59	med	5253199
cmag_591	257	78.42	0.17	NA	NA	NA	24	med	2115243
cmag_592	103	97.42	0.63	NA	NA	NA	30	med	2603777
cmag_593	143	71.88	2.82	NA	NA	NA	31	med	2397751
cmag_594	90	96.28	1.03	NA	NA	NA	36	med	3479634
cmag_595	92	69.48	2.37	ERR4968598_bin.23_NODE_1667_length_23437_cov_16.505389 (23166, 23278)	NA	NA	28	med	1304140
cmag_596	132	94.22	1.2	NA	NA	NA	37	med	2676694
cmag_597	261	92.66	2.69	2 present	NA	NA	38	med	6051788
cmag_598	26	99.62	0	NA	NA	NA	51	med	3411287
cmag_599	62	97.53	1.13	NA	NA	NA	38	med	4535859
cmag_600	113	65.83	2.56	NA	NA	NA	18	med	1296869
cmag_601	101	94.25	1.88	NA	NA	NA	18	med	2559633
cmag_602	194	93.96	0	NA	NA	NA	24	med	2362593
cmag_603	33	96.64	1.34	NA	NA	NA	29	med	2539837
cmag_604	84	98.09	0.32	NA	NA	NA	38	med	3446496
cmag_605	30	99.37	1.27	NA	NA	NA	46	med	2734231
cmag_606	54	99.48	1.05	NA	NA	NA	27	med	1513706
cmag_607	148	93.2	1.32	NA	NA	NA	28	med	3084477
cmag_608	300	71.66	0	NA	NA	NA	15	med	1743451
cmag_609	42	97.38	0	NA	NA	NA	44	med	2492021
cmag_610	314	67.46	0.51	ERR4968601_bin.51_NODE_11143_length_4696_cov_5.496876 (4213, 4320)	NA	NA	22	med	1660816
cmag_611	178	88.7	0.34	NA	NA	NA	36	med	2017535
cmag_612	58	97.96	0.68	NA	NA	NA	59	med	2875956
cmag_613	60	81.78	0	ERR4968602_bin.26_NODE_8831_length_7222_cov_10.670294 (438, 539)	NA	NA	25	med	1027737
cmag_614	201	71.38	0.67	NA	NA	NA	20	med	1438032
cmag_615	424	90.84	3.7	ERR4968602_bin.5_NODE_5222_length_10923_cov_5.952337 (10, 99)	NA	NA	43	med	3267434
cmag_616	107	76.16	0.25	NA	NA	NA	16	med	1390195
cmag_617	56	96.49	4.69	ERR4968602_bin.63_NODE_5083_length_11177_cov_17.030480 (10991, 11092)	NA	NA	23	med	1500938
cmag_618	65	77.67	1.7	NA	NA	NA	26	med	1552916
cmag_619	34	65.61	0.7	NA	NA	NA	20	med	975824
cmag_620	51	59.24	0	ERR4968602_bin.80_NODE_2115_length_20675_cov_22.836566 (20239, 20336)	NA	NA	11	med	768539
cmag_621	161	98.41	0	ERR4968603_bin.15_NODE_8955_length_6339_cov_12.922820 (3247, 3357)	NA	NA	27	med	2838389
cmag_622	195	95.07	0	NA	NA	NA	36	med	2474706
cmag_623	156	88.65	1.9	NA	NA	NA	16	med	2814146
cmag_624	56	99.22	0	NA	NA	NA	31	med	1796329
cmag_625	79	92.02	0.97	NA	NA	NA	33	med	3443649
cmag_626	77	94.35	0.05	ERR4968603_bin.41_NODE_1894_length_23464_cov_25.789824 (3, 88)	NA	ERR4968603_bin.41_NODE_7555_length_7491_cov_62.525282 (1, 2299)	25	med	2105031
cmag_627	129	99.11	0.95	NA	NA	NA	37	med	2942562
cmag_628	92	98.1	0	NA	NA	NA	37	med	3589887
cmag_629	91	97.13	0	NA	NA	NA	25	med	3094328
cmag_630	8	74.38	0	ERR4968606_bin.18_NODE_10292_length_6657_cov_20.091942 (339, 436)	NA	ERR4968606_bin.18_NODE_1617_length_26822_cov_21.674413 (2, 1081)	28	med	730752
cmag_631	77	93.82	1.12	NA	NA	NA	33	med	1542868
cmag_632	53	99.42	0	ERR4968608_bin.33_NODE_23359_length_3356_cov_151.368676 (9, 91)	ERR4968608_bin.33_NODE_30348_length_2769_cov_68.337509 (1, 604)	4 present	65	med	4908453
cmag_633	71	88.2	1.8	ERR4968608_bin.54_NODE_3980_length_12944_cov_11.989216 (12881, 12943)	NA	NA	28	med	1154616
cmag_634	159	88.2	1.69	NA	NA	NA	25	med	1383498
cmag_635	37	97.86	0	NA	NA	NA	39	med	1945855
cmag_636	57	98.33	0.48	NA	NA	NA	40	med	2617319
cmag_637	115	92.48	0.19	NA	NA	NA	23	med	3127062
cmag_638	384	80.54	0.84	NA	NA	NA	20	med	2443261
cmag_639	114	99.42	0.77	NA	NA	NA	41	med	3393464
cmag_640	93	91.56	0.58	NA	NA	NA	25	med	4023360
cmag_641	45	98.66	0	ERR4968673_bin.41_NODE_30_length_166932_cov_33.682359 (30716, 30811)	NA	NA	42	med	2313821
cmag_642	236	66.73	2.02	NA	NA	NA	15	med	1253362
cmag_643	40	89.74	1.71	NA	NA	NA	40	med	2053929
cmag_644	49	95.56	0.03	5 present	NA	ERR4968678_bin.37_NODE_1567_length_23048_cov_46.612143 (3, 1345)	38	med	2080796
cmag_645	21	69.56	0	NA	NA	NA	27	med	880942
cmag_646	24	93.82	1.69	ERR4968678_bin.5_NODE_303_length_83491_cov_111.785896 (404, 481)	NA	NA	24	med	1284626
cmag_647	336	88.84	0.69	NA	NA	NA	28	med	2475600
cmag_648	232	69.68	1.83	ERR4968678_bin.68_NODE_5994_length_7226_cov_6.641891 (7027, 7139)	NA	NA	30	med	1867522
cmag_649	14	90.43	0	NA	NA	ERR4968681_bin.18_NODE_19_length_278334_cov_28.169039 (277356, 278333)	29	med	1108789
cmag_650	21	90.9	0	ERR4968681_bin.22_NODE_1353_length_25517_cov_15.963671 (594, 705)	ERR4968681_bin.22_NODE_357_length_62234_cov_15.765114 (61418, 62234)	NA	33	med	996252
cmag_651	35	99.52	0.48	NA	NA	NA	42	med	2486375
cmag_652	46	90.45	0.16	NA	NA	NA	34	med	1243086
cmag_653	36	94.38	2.25	ERR4968687_bin.20_NODE_14873_length_4833_cov_19.845542 (259, 334)	NA	NA	24	med	1222287
cmag_654	145	82.13	3.37	NA	NA	NA	17	med	1287801
cmag_655	87	78.09	1.69	NA	NA	NA	18	med	964008
cmag_656	125	73.5	2.25	ERR4968687_bin.40_NODE_14585_length_4937_cov_4.534822 (4643, 4719)	NA	NA	13	med	735181
cmag_657	74	77.26	2.97	NA	NA	NA	16	med	1025235
cmag_658	154	85.67	0	NA	NA	NA	17	med	1484757
cmag_659	26	92.13	0	NA	2 present	ERR4968687_bin.69_NODE_697_length_45010_cov_20.885063 (43876, 45010)	35	med	1148209
cmag_660	124	80	0.81	ERR4968704_bin.2_NODE_12073_length_6458_cov_7.229268 (6369, 6456)	NA	NA	12	med	1153021
cmag_661	105	88.76	2.25	NA	NA	ERR4968704_bin.38_NODE_33592_length_2786_cov_95.601611 (1820, 2786)	31	med	1205261
cmag_662	35	87.72	0	NA	NA	NA	20	med	1054148
cmag_663	66	96.42	0	NA	NA	NA	37	med	2196914
cmag_664	56	83.95	1.75	NA	NA	NA	25	med	1868059
cmag_665	96	96.27	0.97	NA	NA	NA	33	med	2333786
cmag_666	50	67.53	3.5	NA	NA	NA	25	med	1340211
cmag_667	108	92.07	0	NA	NA	NA	19	med	2148471
cmag_668	93	92.82	0.57	NA	NA	NA	25	med	2734795
cmag_669	143	82.61	3.48	NA	NA	NA	24	med	2747366
cmag_670	123	77.34	3.42	NA	NA	NA	18	med	875831
cmag_671	125	76.5	2.25	NA	NA	NA	18	med	1235827
cmag_672	164	93.79	1.34	NA	NA	NA	22	med	2609919
cmag_673	282	66.6	1.34	ERR4968711_bin.17_NODE_14317_length_3654_cov_5.278411 (3540, 3650)	NA	NA	18	med	2053260
cmag_674	62	93.29	0	2 present	NA	NA	25	med	2523548
cmag_675	180	92.93	1.58	NA	NA	NA	40	med	3692788
cmag_676	50	96.64	4.7	NA	NA	NA	33	med	2628564
cmag_677	74	100	0	NA	NA	NA	21	med	2928274
cmag_678	60	94.76	0.08	ERR4968711_bin.9_NODE_3707_length_15708_cov_17.111927 (15565, 15673)	NA	NA	25	med	1946046
cmag_679	44	89.41	0.46	NA	NA	NA	26	med	1516490
cmag_680	143	89.53	1.62	NA	NA	NA	19	med	1709888
cmag_681	249	76.42	2.03	NA	ERR4968712_bin.124_NODE_16646_length_6225_cov_6.801297 (1, 509)	NA	15	med	1689043
cmag_682	28	96.64	0	NA	NA	NA	37	med	1706666
cmag_683	37	94.02	1.42	ERR4968712_bin.26_NODE_1784_length_36224_cov_33.993005 (35909, 36017)	NA	NA	42	med	1989682
cmag_684	66	100	0	NA	NA	NA	42	med	2619079
cmag_685	341	91.89	2.07	NA	NA	NA	43	med	4130733
cmag_686	53	90.81	0.02	ERR4968712_bin.50_NODE_4057_length_19577_cov_9.710788 (206, 315)	NA	NA	32	med	1426805
cmag_687	40	64.69	0.67	ERR4968712_bin.51_NODE_1252_length_46261_cov_24.532918 (45184, 45296)	NA	ERR4968712_bin.51_NODE_1252_length_46261_cov_24.532918 (45407, 46261)	26	med	1121861
cmag_688	145	96.4	0.69	2 present	NA	NA	31	med	2861865
cmag_689	203	79.46	0	NA	NA	NA	27	med	1371321
cmag_690	54	86.85	0	NA	NA	NA	22	med	1692961
cmag_691	216	91.63	0.37	NA	NA	NA	39	med	2747035
cmag_692	22	89.21	2.25	ERR4968712_bin.70_NODE_8346_length_11123_cov_12.281713 (10429, 10541)	ERR4968712_bin.70_NODE_1372_length_43651_cov_13.256927 (43199, 43651)	NA	30	med	1091112
cmag_693	31	93.83	0	NA	ERR4968712_bin.78_NODE_812_length_62201_cov_30.238728 (61493, 62201)	NA	38	med	1707222
cmag_694	64	94.02	1.99	ERR4968712_bin.84_NODE_3749_length_20807_cov_14.662779 (20542, 20650)	NA	NA	39	med	1972630
cmag_695	128	94.57	0	ERR4968712_bin.88_NODE_4676_length_17487_cov_23.838401 (511, 620)	NA	NA	42	med	2561796
cmag_696	67	93.15	0.05	NA	ERR4968712_bin.9_NODE_1081_length_51380_cov_67.897867 (50193, 51379)	NA	29	med	1711254
cmag_697	23	89.74	1.42	ERR4968712_bin.98_NODE_9256_length_10213_cov_57.801733 (9966, 10055)	NA	NA	41	med	1784590
cmag_698	87	97.58	0	NA	NA	NA	45	med	3369006
cmag_699	140	75	0.44	NA	NA	NA	12	med	2264579
cmag_700	128	97.99	0	NA	NA	NA	25	med	2328877
cmag_701	148	94.19	0	2 present	NA	NA	36	med	2930645
cmag_702	42	95.3	0	NA	NA	NA	29	med	2184066
cmag_703	72	96.26	0.23	NA	NA	NA	40	med	2389041
cmag_704	147	97.43	1.57	NA	NA	NA	29	med	2809149
cmag_705	58	95.54	0.58	NA	NA	NA	25	med	2640522
cmag_706	92	95.3	1.34	NA	NA	NA	28	med	3440344
cmag_707	60	94.28	2.63	NA	NA	NA	18	med	2607387
cmag_708	126	95.24	0.34	NA	NA	NA	34	med	2740779
cmag_709	82	97.99	0.67	NA	NA	NA	25	med	2878773
cmag_710	77	96.42	0.67	NA	NA	NA	38	med	3073722
cmag_711	162	91.39	0.67	ERR4969053_bin.8_NODE_10892_length_8110_cov_17.339292 (7818, 7927)	NA	NA	23	med	2166571
cmag_712	107	98.33	0.23	NA	NA	NA	54	med	2821368
cmag_713	79	98.66	0	NA	NA	NA	42	med	2658051
cmag_714	78	97.28	0.68	ERR4969053_bin.9_NODE_4357_length_19756_cov_45.737881 (19414, 19523)	NA	NA	35	med	2352956
cmag_715	81	96.76	1.32	NA	NA	NA	33	med	3096194
cmag_716	74	86.08	3.37	NA	ERR4969151_bin.101_NODE_4603_length_21464_cov_34.625858 (20874, 21464)	NA	27	med	1190121
cmag_717	33	90.38	0.85	ERR4969151_bin.113_NODE_4306_length_22647_cov_41.297141 (324, 431)	NA	NA	39	med	2189579
cmag_718	212	66.74	0.34	ERR4969151_bin.115_NODE_17487_length_6042_cov_6.588776 (182, 291)	NA	NA	20	med	1684826
cmag_719	66	99.46	0	ERR4969151_bin.118_NODE_8237_length_12829_cov_40.236339 (12534, 12632)	NA	NA	52	med	4146320
cmag_720	54	95.56	0.4	NA	NA	NA	29	med	1842822
cmag_721	123	92.69	0.12	ERR4969151_bin.134_NODE_169_length_152619_cov_64.626557 (152536, 152618)	NA	NA	39	med	2328988
cmag_722	131	92.59	0.34	NA	NA	NA	32	med	2283472
cmag_723	80	97.32	0	NA	NA	NA	44	med	2321226
cmag_724	160	93.71	0.67	ERR4969151_bin.144_NODE_18675_length_5659_cov_7.198073 (3095, 3206)	NA	NA	22	med	2616070
cmag_725	132	89.92	0.67	NA	NA	NA	26	med	2276175
cmag_726	43	75.75	2.24	NA	NA	NA	28	med	1431311
cmag_727	41	95.3	0	NA	NA	NA	39	med	2106110
cmag_728	76	97.99	0	NA	NA	NA	39	med	2580381
cmag_729	35	98.66	0	ERR4969151_bin.53_NODE_218_length_137755_cov_18.816078 (137587, 137692)	NA	NA	39	med	2504317
cmag_730	66	84.83	0	NA	NA	NA	35	med	1604652
cmag_731	39	98.73	0.63	NA	NA	NA	42	med	2585659
cmag_732	92	96.33	0.63	NA	NA	NA	32	med	3254125
cmag_733	26	100	0	NA	NA	NA	42	med	2286609
cmag_734	213	93.26	1.34	2 present	NA	NA	32	med	2187361
cmag_735	31	54.66	0	NA	NA	NA	12	med	929979
cmag_736	120	98.22	0.33	NA	NA	NA	46	med	3459874
cmag_737	139	98.05	0	NA	NA	NA	20	med	3560379
cmag_738	63	98.66	0	NA	NA	NA	57	med	3309905
cmag_739	58	92.74	0.05	2 present	ERR4992195_bin.8_NODE_1559_length_20071_cov_201.028477 (18111, 19624)	NA	45	med	2228019
cmag_740	146	95.31	0	ERR4992208_bin.26_NODE_7515_length_7656_cov_8.854493 (122, 231)	NA	NA	33	med	2793843
cmag_741	37	71.91	0	NA	NA	NA	29	med	969263
cmag_742	171	93.43	0.95	NA	NA	NA	40	med	3116589
cmag_743	107	96.37	0.03	NA	NA	NA	40	med	2763677
cmag_744	79	69.44	0.7	NA	ERR4992208_bin.53_NODE_163_length_99378_cov_14.561511 (98462, 99378)	NA	29	med	1397987
cmag_745	319	73.16	2.72	ERR4993373_bin.10_NODE_8558_length_6648_cov_7.359017 (67, 174)	NA	NA	17	med	2524002
cmag_746	72	98.73	0.64	NA	NA	NA	31	med	3339842
cmag_747	6	89.01	0	NA	ERR4993373_bin.50_NODE_19_length_269447_cov_12.092538 (203998, 205495)	ERR4993373_bin.50_NODE_19_length_269447_cov_12.092538 (200688, 203429)	46	med	1010205
cmag_748	89	96.64	0	NA	NA	NA	33	med	2402944
cmag_749	69	92.42	0.89	ERR4993378_bin.4_NODE_4801_length_9609_cov_57.332740 (365, 473)	NA	NA	23	med	2242559
cmag_750	63	100	0.37	NA	NA	NA	40	med	4035077
cmag_751	368	89.45	0	NA	NA	NA	35	med	3041985
cmag_752	58	91.03	2.24	NA	NA	NA	43	med	3124496
cmag_753	36	70.63	2.36	2 present	NA	NA	26	med	1145390
cmag_754	95	98.24	0.68	NA	NA	NA	33	med	2286729
cmag_755	16	89.74	0.85	ERR4993381_bin.28_NODE_1328_length_34936_cov_10.883920 (311, 420)	NA	NA	38	med	2097189
cmag_756	121	90.67	1.33	NA	NA	NA	25	med	1281384
cmag_757	70	76.65	0.96	ERR4993381_bin.53_NODE_344_length_71906_cov_11.831095 (71809, 71903)	NA	NA	19	med	1412774
cmag_758	250	59.71	0.96	ERR4993381_bin.57_NODE_12103_length_6553_cov_3.948138 (6320, 6417)	NA	NA	9	med	1314891
cmag_759	51	95.97	0	ERR4993381_bin.66_NODE_158_length_101397_cov_12.384174 (21262, 21370)	NA	NA	31	med	2067740
cmag_760	33	78.71	0.51	2 present	NA	NA	43	med	1557901
cmag_761	18	92.7	1.12	NA	NA	NA	31	med	1341653
cmag_762	82	92.7	1.85	NA	NA	NA	29	med	1597746
cmag_763	27	98.88	0	NA	NA	NA	48	med	1586519
cmag_764	94	98.51	0.33	NA	NA	NA	14	med	2385197
cmag_765	61	92.7	0	ERR4993662_bin.106_NODE_3330_length_22255_cov_254.287477 (22133, 22191)	ERR4993662_bin.106_NODE_3330_length_22255_cov_254.287477 (17357, 18921)	ERR4993662_bin.106_NODE_3330_length_22255_cov_254.287477 (19112, 22033)	33	high	1513702
cmag_766	211	77.27	1.34	NA	NA	NA	17	med	2077380
cmag_767	33	93.26	2.25	ERR4993662_bin.31_NODE_1578_length_36618_cov_9.905068 (36210, 36302)	NA	NA	35	med	946815
cmag_768	540	70.23	3.04	NA	NA	NA	31	med	3373299
cmag_769	118	92.95	0	ERR4993662_bin.45_NODE_5146_length_16400_cov_90.156133 (16231, 16340)	NA	NA	43	med	2567334
cmag_770	279	71.16	0.34	2 present	NA	NA	12	med	1623737
cmag_771	310	89.65	0.81	NA	NA	NA	26	med	2801486
cmag_772	72	96.15	0.7	NA	NA	NA	38	med	2249716
cmag_773	277	69.86	0.71	NA	NA	NA	13	med	1530086
cmag_774	137	95.95	2.01	NA	NA	NA	44	med	3586075
cmag_775	35	94.85	0	ERR7167026_bin.11_NODE_48_length_56362_cov_16.566573 (56164, 56262)	NA	NA	33	med	2010464
cmag_776	31	65.79	0	NA	NA	NA	18	med	1191220
cmag_777	65	95.57	0.95	NA	NA	NA	33	med	3311203
cmag_778	81	98.66	2.01	NA	NA	NA	32	med	2656870
cmag_779	111	77.24	0	NA	ERR7167032_bin.11_NODE_1218_length_13206_cov_13.212227 (1, 836)	NA	16	med	1137638
cmag_780	11	99.01	0.96	NA	NA	NA	38	med	2073538
cmag_781	54	91.85	2.36	ERR7167033_bin.15_NODE_1065_length_23718_cov_11.725943 (918, 993)	NA	ERR7167033_bin.15_NODE_1065_length_23718_cov_11.725943 (2, 855)	30	med	1218424
cmag_782	72	99.68	0	NA	NA	NA	49	med	1935444
cmag_783	266	89.75	0.67	ERR7167033_bin.36_NODE_5904_length_6881_cov_7.010108 (5557, 5666)	NA	NA	28	med	2415737
cmag_784	94	97.96	0	NA	NA	NA	53	med	2793913
cmag_785	45	94.63	0	NA	NA	NA	45	med	1938199
cmag_786	169	90.98	0	ERR7167036_bin.21_NODE_1014_length_24009_cov_7.395675 (23770, 23865)	NA	NA	25	med	1888390
cmag_787	56	82.58	1.12	NA	NA	NA	29	med	1135220
cmag_788	149	92.78	0.47	NA	NA	NA	31	med	2331746
cmag_789	151	97.58	0	NA	NA	NA	43	med	3401436
cmag_790	106	95.08	0	2 present	NA	NA	36	med	2761722
cmag_791	61	99.36	0	NA	ERR7167041_bin.33_NODE_1946_length_15291_cov_56.040956 (1, 519)	NA	35	med	3357201
cmag_792	233	65.84	2.24	ERR7167042_bin.4_NODE_1130_length_13658_cov_9.988900 (13454, 13565)	NA	NA	44	med	1814048
cmag_793	177	93.23	0.67	ERR7167043_bin.17_NODE_1590_length_14355_cov_9.617762 (63, 159)	NA	NA	40	med	2484913
cmag_794	122	98.32	1.01	NA	NA	NA	37	med	2482013
cmag_795	68	98.01	0.6	NA	NA	NA	40	med	3041424
cmag_796	82	86.69	0.17	NA	NA	NA	32	med	1999907
cmag_797	84	98.4	0.58	NA	NA	NA	40	med	3093797
cmag_798	131	96.26	0	NA	NA	NA	37	med	2701398
cmag_799	232	91.72	0.34	NA	NA	NA	32	med	1768488
cmag_800	198	91.58	1.12	NA	NA	NA	25	med	1956324
cmag_801	95	97.29	0	NA	NA	NA	30	med	2408507
cmag_802	113	97.47	0	NA	ERR7167048_bin.40_NODE_32_length_157682_cov_11.173194 (156993, 157682)	NA	26	med	2721774
cmag_803	50	95.56	0	ERR7167050_bin.2_NODE_1186_length_10086_cov_19.006081 (9505, 9614)	NA	NA	38	med	1765397
cmag_804	103	69.63	3.02	NA	NA	NA	22	med	1939592
cmag_805	260	92.52	0.93	ERR7167052_bin.12_NODE_2068_length_8236_cov_9.856008 (2, 78)	NA	NA	48	med	2958823
cmag_806	80	92.74	0	ERR7167053_bin.31_NODE_1760_length_15578_cov_13.434517 (2, 84)	NA	ERR7167053_bin.31_NODE_551_length_31396_cov_14.598003 (1, 1026)	39	med	1906072
cmag_807	135	74.08	1.69	ERR7167053_bin.9_NODE_4970_length_7332_cov_5.152948 (7246, 7331)	NA	NA	24	med	842657
cmag_808	85	91.01	0	ERR7167059_bin.11_NODE_4708_length_4639_cov_10.953316 (532, 638)	ERR7167059_bin.11_NODE_7049_length_3516_cov_24.457671 (119, 1878)	ERR7167059_bin.11_NODE_3102_length_6229_cov_12.030126 (4322, 6227)	43	high	1264282
cmag_809	179	94.63	2.05	NA	NA	NA	36	med	3146400
cmag_810	41	74.32	1.12	NA	NA	NA	28	med	1450934
cmag_811	60	55.89	0.81	NA	NA	NA	12	med	716988
cmag_812	52	76.67	2.24	NA	NA	NA	26	med	1804568
cmag_813	75	94.76	0.03	4 present	NA	NA	49	med	2286947
cmag_814	96	98.66	0	NA	NA	NA	36	med	2100106
cmag_815	33	96.77	0	NA	NA	NA	41	med	1733827
cmag_816	39	99.33	0	ERR7167063_bin.30_NODE_56_length_116144_cov_18.650725 (115969, 116066)	NA	NA	40	med	2244607
cmag_817	229	68.58	3.13	NA	NA	NA	18	med	1192861
cmag_818	91	87.08	0	ERR7167064_bin.1_NODE_2132_length_13785_cov_9.488857 (13615, 13690)	NA	NA	17	med	1138415
cmag_819	50	92.98	1.12	ERR7167064_bin.22_NODE_62_length_83952_cov_18.243549 (83483, 83559)	NA	NA	32	med	1206074
cmag_820	119	65.07	2.63	NA	NA	NA	10	med	1045942
cmag_821	77	93.82	0	ERR7167064_bin.48_NODE_403_length_36096_cov_12.897783 (35792, 35866)	NA	NA	29	med	1307604
cmag_822	230	88.58	0.34	ERR7167219_bin.12_NODE_903_length_34024_cov_6.840502 (11303, 11412)	NA	NA	31	med	2615720
cmag_823	34	98.73	0	NA	NA	NA	38	med	2476611
cmag_824	73	99.37	0	NA	NA	NA	37	med	3091792
cmag_825	150	83.37	0.58	NA	NA	NA	18	med	2722905
