animal_code	chicken_body_weight	crp_pg_ml	pit54_ng_ml	lps_ng_l	cor_pg_mg
CA01.01	146	1.8	19.72	8.02	9.37
CA01.02	173	2.93	26.31	8.59	9.1
CA01.03	176	0	23.49	7.85	8
CA01.04	201.6	0.2	16.15	9.75	7.66
CA01.05	202.4	0.17	59.79	7.17	8.21
CA01.06	239.4	1.01	55.11	8.66	9.02
CA01.07	920.8	0	54.59	11.12	9.27
CA01.08	963.4	0	78.35	8.2	19.48
CA01.09	995.4	0	31.75	7.09	11.6
CA01.10	1095.2	0	101.77	6.65	9.58
CA01.11	1100	0.47	80.34	6.65	7.68
CA01.12	1045.4	0	38.75	8.32	8.53
CA01.13	2766.4	0.76	62.04	15.67	18.34
CA01.14	2729.2	0.64	46.83	14	26.3
CA01.15	2519.8	0.66	48.42	14.66	16.65
CA01.16	2350.4	0.51	53.95	15.17	15.49
CA01.17	2749.6	0.67	45.6	14.25	18.97
CA01.18	2844.8	0.67	51.23	16.45	17.86
CA02.01	136	1.04	18.95	8.76	7.66
CA02.02	183.2	0.51	18.4	5.84	7.89
CA02.03	156.6	0	21.79	9.51	6.96
CA02.04	239.6	0.65	17.68	7.34	8.88
CA02.05	216	0.43	36.64	7.58	6.48
CA02.06	226.2	0	27.15	7.34	6.85
CA02.07	723	0	40.06	7.98	7.57
CA02.08	695.2	0	39.76	7.31	9.88
CA02.09	898.6	0	31.76	10.45	7
CA02.10	891.6	0.1	39.11	12.94	8.88
CA02.11	883.2	0	31.87	7.87	9.29
CA02.12	998.2	0	40.16	6.76	6.5
CA02.13	2191.6	0.87	51.88	15.67	22.86
CA02.14	2221.8	0.73	45.84	14.75	10.96
CA02.15	2366.8	0.62	93.19	15.33	7.74
CA02.16	2204.4	0.58	47.26	15	8.55
CA02.17	2009.2	0.65	109.31	16.19	8.98
CA02.18	2431.6	0.66	46.19	16.45	8.08
CA03.01	166.8	25.84	15.47	8.66	9.35
CA03.02	192.8	0.1	22.6	8.63	6.6
CA03.03	157.4	1.34	40.81	5.61	7.48
CA03.04	243.8	0.76	15.66	13.49	14.23
CA03.05	210.8	0.06	423.68	10.03	8.82
CA03.06	201.4	4.35	29.3	6.37	7.78
CA03.07	920.2	0	34.19	7.53	6.64
CA03.08	964.4	0	32.41	7.98	7.36
CA03.09	1018	0	33.68	11.35	7.47
CA03.10	1082	0	34.14	6.42	9.15
CA03.11	930.2	0	38.49	12.48	6.07
CA03.12	1049.4	0.31	45.86	5.76	6.92
CA03.13	1966.6	0.46	52.35	14.91	8.88
CA03.14	2164	0.52	53.65	15.76	9.19
CA03.15	2256.8	0.66	45.54	17.49	8.71
CA03.16	2517.2	0.77	46.06	15.59	9
CA03.17	1949.8	0.24	0	15.06	8.67
CA03.18	2508	0.22	0	9.43	5.8
CA04.01	170.8	0	336.6	8.59	6.02
CA04.02	194.4	0	47.41	9.17	7.9
CA04.03	163.4	0	16.54	8.93	8.11
CA04.04	219.4	0.06	1024.37	6.67	9.33
CA04.05	197.8	0.21	252.35	9.82	11.88
CA04.06	194	0.69	15.16	10.13	10.44
CA04.07	963	0	31.83	6.98	5.99
CA04.08	1032.6	0	30.84	6.87	9.98
CA04.09	823.2	0	390.51	6.42	6.92
CA04.10	1101.4	0	87.39	10.79	8.55
CA04.11	958	0	32.74	7.98	9.15
CA04.12	908.8	0	48.61	8.2	9.35
CA04.13	2018.8	0.19	0	9.57	7.65
CA04.14	2494.8	0.42	39.11	8.94	8.87
CA04.15	2327.6	0.17	0	12.48	NA
CA04.16	2191.6	0.32	0	11.74	15.02
CA04.17	2227.4	0.15	0	15.92	9.65
CA04.18	2205.2	0.17	0	11.15	20.25
CA05.01	176.6	0.15	41.64	6.27	9.51
CA05.02	169.4	0.05	16.7	6.37	8.68
CA05.03	156.8	0.16	15.77	7.34	8.91
CA05.04	201	0.85	16.38	11.98	10.95
CA05.05	177.8	0.34	47.04	7.44	12.5
CA05.06	213.6	0.4	105.93	9.99	13.86
CA05.07	767.4	0	32.89	7.09	9.15
CA05.08	683.6	0	30.02	7.87	15.74
CA05.09	889.4	0	42.81	13.97	13.02
CA05.10	769.6	0	36.24	6.2	12.05
CA05.11	781	0	37.14	7.42	6.24
CA05.12	898.4	0	38.66	7.76	9.77
CA05.13	2216.6	0.24	36.98	10.65	12.73
CA05.14	1940.2	0.18	0	9.22	11.82
CA05.15	2074.6	0.14	0	10	8.73
CA05.16	2069	0.24	0	12.18	12.05
CA05.17	2275.4	0.17	0	9.64	9.18
CA05.18	1910.2	0.45	30.66	11.45	8.56
CA06.01	160.4	2.91	20.96	6.21	9.07
CA06.02	167	7.99	67.46	8.9	8.27
CA06.03	183.4	1.8	14.96	7.71	10.37
CA06.04	206	0.12	366.51	7.11	14.4
CA06.05	219.8	0.06	171.54	8.22	7.93
CA06.06	163	0.57	53.22	7.95	10.19
CA06.07	928.4	0	34.58	15.23	10.73
CA06.08	913.6	0	35.69	9.1	9.59
CA06.09	742.6	0	32.21	9.1	6.42
CA06.10	1054	0	226.57	8.09	10.19
CA06.11	1154.4	0	39.38	6.31	9.14
CA06.12	1147.8	0	32.36	12.03	11.11
CA06.13	2293	0.33	92.75	10.79	13.2
CA06.14	2526	0.19	0	10.79	14.06
CA06.15	2432	0.18	0	9.93	20.26
CA06.16	2386	0.6	0	10.65	17.38
CA06.17	2592.2	0.22	52.62	10.5	11.66
CA06.18	2112	0.53	196.77	12.85	23.76
CA07.01	185.8	0.18	72.3	9.51	7.75
CA07.02	168.2	6.05	20.37	4.99	8.77
CA07.03	192.6	0.8	16.26	6.91	9.55
CA07.04	236.6	0.9	16.72	6.67	22.42
CA07.05	217	0.26	686.57	13.91	18.94
CA07.06	183.4	0.3	498.72	13.52	16.91
CA07.07	966.2	0.01	31.39	7.2	11.04
CA07.08	1103.4	0	30.07	6.87	7.73
CA07.09	971	0	40.26	10.33	8.86
CA07.10	1011.6	0	38.66	6.53	13.48
CA07.11	1185.4	0	34.36	8.09	12.83
CA07.12	1171.2	0	31.64	5.87	6.93
CA07.13	2224.8	0.16	59.41	10.43	16.95
CA07.14	2622.8	0.24	0	10.07	13.27
CA07.15	2790.4	0.12	191.56	9.79	13.11
CA07.16	2745.2	0.11	152.82	11.37	13.35
CA07.17	3018.4	0.27	96.74	11.45	28.86
CA07.18	2566.8	0.11	0	8.45	11.55
CA08.01	171	0.27	111.9	17.04	9.92
CA08.02	183.6	0	32.82	5.98	10.18
CA08.03	121.8	0.3	101.36	12.71	14.05
CA08.04	203.4	0.34	34.51	13.14	14.33
CA08.05	194.6	0.28	22.99	12.76	17.54
CA08.06	224	0.31	137.05	13.18	22.87
CA08.07	878.6	0.54	121.29	12.59	10.86
CA08.08	1182.2	0	34.31	5.87	12.28
CA08.09	801.2	0.03	33.68	6.76	10.57
CA08.10	988.2	0	31.83	9.44	8.54
CA08.11	998	0	30.28	9.66	12.84
CA08.12	1198.8	0	33.94	8.54	9.34
CA08.13	2346.4	0.11	64.29	9.57	20.71
CA08.14	2278.2	0.07	1.77	9.57	9.97
CA08.15	2314.2	0.12	26.03	8.66	12.08
CA08.16	1725.6	0.27	30.07	10.21	10.31
CA08.17	2036.6	0.21	50.63	12.93	14.27
CA08.18	2132.8	0.16	88.04	11.45	14.52
CA09.01	156	1.34	208.83	12.63	12.41
CA09.02	147.6	0.39	127.01	15.33	12.44
CA09.03	205.4	0.27	1048.24	14.13	10.45
CA09.04	202	0.3	149.39	12.55	13.64
CA09.05	225.4	0.26	238.4	12.88	9.76
CA09.06	146.2	0.36	465.25	12.67	15.78
CA09.07	813.2	0	29.07	6.2	10.18
CA09.08	833.4	0	31.34	7.98	12.22
CA09.09	931.2	0	32.01	6.42	13.91
CA09.10	825.2	0	31.76	5.21	8.7
CA09.11	999.4	0	89.63	10.11	10.95
CA09.12	1022.6	0	31.94	5.76	13.7
CA09.13	1778.6	0.06	0	12.4	10.74
CA09.14	2272.6	0.27	772.79	9.08	16.58
CA09.15	2356.6	0.15	0	10.36	9.08
CA09.16	2525	0.37	0	10.14	8.87
CA09.17	2249.2	0.35	0	9.79	10.21
CA09.18	2194.2	0.31	0	10.07	11.72
CA10.01	179.4	0.45	189.76	12.88	12.45
CA10.02	197.2	0.33	14.98	13.18	10.83
CA10.03	160.2	0.42	18.61	13.39	7.2
CA10.04	183.6	0.29	757.39	13.57	25.22
CA10.05	180.4	0.29	620.58	13.22	16.45
CA10.06	217.8	0.3	506.98	12.34	11.65
CA10.07	711	0	34.97	9.55	10.36
CA10.08	785.4	0	34.14	7.65	16.19
CA10.09	851.8	0	28.41	6.76	11.06
CA10.10	776.8	0	31.45	7.65	6.37
CA10.11	975.4	0	30.02	6.87	12.06
CA10.12	688.8	0	34.02	6.09	16.32
CA10.13	2030	0.38	16.68	9.5	13.91
CA10.14	2019.6	0.39	0	10.21	12.63
CA10.15	2368	0.07	0	10.29	11.89
CA10.16	2050	0.47	140.68	9.22	11.71
CA10.17	2274	0.13	49.97	8.87	20.67
CA10.18	2118.8	0.39	0	9.08	13.5
CA11.01	185.2	0.35	42.1	13.1	12.04
CA11.02	171	0.47	63.25	12.76	15.57
CA11.03	178.6	0.3	68.09	12.71	11.5
CA11.04	179	0.29	135.25	13.48	13.59
CA11.05	197	0.37	385.19	12.42	17.08
CA11.06	198	0.3	466.38	12.34	12.69
CA11.07	712.8	0	30.35	6.53	11.69
CA11.08	845.6	0.13	32.36	8.09	10.9
CA11.09	769.4	0	31.49	7.2	11.69
CA11.10	883.2	0	32.53	6.98	9.62
CA11.11	1004.6	0	31.7	7.65	11.96
CA11.12	1053.4	0	29.15	6.87	13.16
CA11.13	2364.8	0.2	0	9.15	13.01
CA11.14	1830.8	0.16	0	8.87	9.14
CA11.15	2044.2	0.15	78.86	9.5	17.81
CA11.16	2074.4	0.08	0	10.57	10.56
CA11.17	2463.6	0.2	0	14.06	10.9
CA11.18	2189	0.2	0	9.79	15.9
CA12.01	179.6	0.7	153.84	12.55	7.96
CA12.02	191	0.38	39.37	13.74	3.4
CA12.03	162.4	0.27	83.35	12.67	5.79
CA12.04	182.6	0.28	322.16	12.46	18.17
CA12.05	215.6	0.44	578.04	12.42	14.68
CA12.06	165.4	0.59	592.05	14.09	18.52
CA12.07	847.8	0	31.53	7.2	10.74
CA12.08	943	0	31.37	8.87	10.69
CA12.09	816.4	0	31.52	7.53	13.32
CA12.10	856.6	0	33.19	6.09	9.5
CA12.11	1146.8	0	33.57	6.87	16.15
CA12.12	845.4	0	38.57	7.53	14.08
CA12.13	1501.8	0.1	0	8.94	13.05
CA12.14	2376.6	0.24	7	9.64	14.93
CA12.15	2189.8	0.05	0	9.08	12.87
CA12.16	2201.2	0.16	0	11.37	9.41
CA12.17	2417.4	0.23	340.31	10.14	10.33
CA12.18	2248.4	0.19	0	13.15	15.2
CA13.01	172.4	5.18	33.43	14.4	15.51
CA13.02	171	1.11	215.65	12.93	10.09
CA13.03	218.4	0.37	368.89	14.09	8.42
CA13.04	207.8	0.27	1185.9	12.67	15
CA13.05	203.4	0.26	68.09	13.35	10.8
CA13.06	166.8	0.3	295.49	13.48	11.71
CA13.07	1008.2	0.41	49.92	16.36	12.53
CA13.08	1090.4	0.51	47.76	18.83	17.47
CA13.09	1047.2	0.65	56	16.53	12.61
CA13.10	1054.4	0.52	45.64	15	14.41
CA13.11	1057.6	0.41	387.33	15.33	17.99
CA13.12	820.6	0.85	59.03	16.71	15.38
CA13.13	2230.4	0.1	0	10.86	18.06
CA13.14	2911.4	0.16	21.55	9.08	15.78
CA13.15	2317	0.24	32.43	8.8	16.6
CA13.16	3134.6	0.06	65.71	9.93	18.5
CA13.17	2378	0.12	60.79	10	20.68
CA13.18	2402.6	0.15	5.06	9.29	15.9
CA14.01	194.8	1.17	87.08	12.63	8.21
CA14.02	160	1.2	175.05	15.02	10.08
CA14.03	169.2	0.26	109.74	13.7	5.53
CA14.04	188	0.33	556.72	15.61	14.01
CA14.05	205.6	0.48	607.53	12.46	7.75
CA14.06	188.4	0.36	566.7	13.44	8.98
CA14.07	1067.6	0.8	52.39	17.67	10.26
CA14.08	1019.6	0.71	45.6	15.84	11.82
CA14.09	820.2	0.49	46.47	15.08	8.37
CA14.10	897.4	0.61	51.52	16.02	10.21
CA14.11	794	0.54	45.85	15.93	9.57
CA14.12	973.6	0.49	50.99	15.42	11.76
CA14.13	1819	13.98	0	10.5	17.26
CA14.14	2293.8	0.13	0	11.01	18.81
CA14.15	2089.6	0.62	6.78	11.52	18.86
CA14.16	2245.8	0.65	0	10.21	12.3
CA14.17	2369	0.33	0	12.48	10.74
CA14.18	1944	0.07	0	9.01	11.18
CA15.01	181.4	0.34	9.32	13.91	5.97
CA15.02	198.2	0.75	28.34	14.53	8.25
CA15.03	236.2	0.25	119.05	13.39	6.75
CA15.04	217.6	0.28	143.77	13.35	13.92
CA15.05	220.4	0.3	115.17	13.05	12.12
CA15.06	158	0.38	150.65	13.05	11.48
CA15.07	1088	0.43	46.33	16.53	9.57
CA15.08	972.6	0.72	47.54	15.84	12.28
CA15.09	1024.6	0.61	45.99	18.38	9.02
CA15.10	1123.6	0.57	131.2	16.45	8.26
CA15.11	1121.8	0.34	427.18	15.59	11.13
CA15.12	949.4	0.56	71.09	16.36	12.02
CA15.13	2160.4	0.12	0	9.36	8.67
CA15.14	2352	0.26	0	11.01	9.44
CA15.15	2480.6	0.35	25.46	10.29	13.28
CA15.16	2355.6	0.42	477.86	11.3	11.63
CA15.17	2238.2	0.23	0	12.26	9.68
CA15.18	2267.8	0.11	0	11.15	14.87
CA16.01	192.4	0.33	143.77	13.01	9.72
CA16.02	164.6	0.38	8.17	12.71	9.7
CA16.03	210	0.31	1133.72	12.97	13.3
CA16.04	225.6	0.27	870.2	12.8	16.14
CA16.05	199.2	0.28	1114.24	12.55	14.76
CA16.06	199.2	0.27	33.7	13.78	17.27
CA16.07	789.8	0.63	47.84	16.36	9.46
CA16.08	1115.8	0.62	48.68	16.19	11.35
CA16.09	920.4	0.4	56	18.11	10.92
CA16.10	1123.2	0.63	86.43	15.17	10.74
CA16.11	1141.6	0.69	47.92	20.02	8.28
CA16.12	1196.2	0.61	160.64	16.62	14.38
CA16.13	2191	0.16	0	18.31	18.63
CA16.14	2796.2	0.06	66.42	10.36	15.13
CA16.15	2671	0.32	0.28	9.08	19.59
CA16.16	2525.2	0.16	0	12.48	22.47
CA16.17	2352	0.17	0	10.29	14.6
CA16.18	2977	0.37	10.47	13.38	16.98
CA17.01	202	0.57	9.32	12.97	9.06
CA17.02	192.2	0.34	264.88	12.46	14.24
CA17.03	174.2	0.3	194.08	12.76	13.97
CA17.04	228.6	0.31	21.77	13.83	13.3
CA17.05	187.2	0.53	9.19	13.65	9.53
CA17.06	249.6	0.56	102.91	13.61	27.9
CA17.07	1232	0.39	59.47	18.74	11.21
CA17.08	944.2	0.66	45.63	17.58	9.24
CA17.09	785.6	0.71	47.06	15	10.39
CA17.10	1023.6	0.49	54.74	16.19	8.44
CA17.11	1045.4	0.37	45.64	16.62	8.5
CA17.12	812.8	0.69	45.61	16.02	17.51
CA17.13	1659.2	0.29	28.33	10.36	13.34
CA17.14	2230.8	0.44	0	13.23	13.56
CA17.15	2475	0.5	0	11.74	21.06
CA17.16	2389.8	0.45	0	10.43	16.03
CA17.17	2233.6	0.23	0	9.79	22.47
CA17.18	2335.6	0.41	0	15.14	10.78
CA18.01	155.6	0.29	214.88	16.39	6.4
CA18.02	170	0.48	184.79	15.47	7.99
CA18.03	183	0.76	211.09	12.84	10.84
CA18.04	250.6	0.32	788.18	14	24.44
CA18.05	210.6	0.31	1282.42	12.71	11.37
CA18.06	164.4	0.33	48.93	14.93	8.12
CA18.07	932.4	1.08	48.58	17.67	11.99
CA18.08	883.6	0.59	46.95	15.25	4.85
CA18.09	1149.8	0.29	51.25	15.33	10.34
CA18.10	1035.4	0.64	47.26	16.88	14.06
CA18.11	832	0.56	52.89	15.67	8.63
CA18.12	931.2	0.44	48.69	15.33	14.25
CA18.13	1998.6	0.39	0	10.86	11.78
CA18.14	2250.8	0.98	0	10.72	14.08
CA18.15	2392.6	3.19	0	48.43	14.33
CA18.16	2176	1.16	0	49.89	12.08
CA18.17	2244.4	1.62	11.8	47.27	12.82
CA18.18	2340.2	0.99	37.71	45.54	14.97
CA19.01	151.4	0.36	7.86	13.1	6.74
CA19.02	182.2	1.12	119.05	15.93	8.74
CA19.03	173.6	0.35	134.06	15.65	8.7
CA19.04	196.2	0.33	54.55	13.48	16.64
CA19.05	191	0.59	75.29	13.57	11.89
CA19.06	208	0.29	81.98	12.76	10.66
CA19.07	935.4	0.39	45.96	17.85	10.57
CA19.08	913.2	0.66	46.16	15.67	11.47
CA19.09	833	0.72	45.58	18.83	11.52
CA19.10	780.6	0.72	45.56	15.76	14.84
CA19.11	801.4	0.67	50.62	18.38	10.49
CA19.12	874.8	0.59	45.85	15.25	13.21
CA19.13	1847.2	1.39	36.5	42.56	11.3
CA19.14	1670.6	0.91	4.43	51.65	13.11
CA19.15	2013.4	0.61	0	49.45	17.38
CA19.16	2180.8	1.34	0	44.26	18.24
CA19.17	2291.8	1.88	26.13	49.3	17.17
CA19.18	2143.4	1.05	0	49.45	17.67
CA20.01	169.6	0.49	391.39	12.76	7.53
CA20.02	171.2	0.56	355.92	14.84	8.93
CA20.03	213.4	0.31	1195.01	12.5	19.86
CA20.04	189.8	0.3	1133.72	13.39	14.73
CA20.05	231.4	0.3	97.3	16.57	14.05
CA20.06	214.8	0.59	96.8	14.66	34.42
CA20.07	960.6	0.85	47.13	16.19	9.09
CA20.08	717.8	0.69	46.13	16.27	12.86
CA20.09	904.2	0.74	46.1	18.03	9.87
CA20.10	1057	0.67	45.55	16.62	15.74
CA20.11	1000.6	0.74	52.95	18.11	15.98
CA20.12	1096.2	0.6	45.99	21.04	19.55
CA20.13	2091.2	1.41	34.82	46.11	16.85
CA20.14	2256.2	1.13	102.57	44.4	13.57
CA20.15	2211.6	0.76	25.39	43.27	19.35
CA20.16	2395.8	0.76	78.23	44.69	11.84
CA20.17	2214.6	0.87	0	61.37	15.54
CA20.18	2349.2	1.2	36.85	48.43	18.86
CA21.01	219.2	0.5	108.15	12.71	13.81
CA21.02	172	0.75	249.81	13.39	12.63
CA21.03	202.6	0.31	69.75	16.81	5.91
CA21.04	201	0.39	37.32	14.97	52.08
CA21.05	187.6	0.38	19.32	14.44	10.86
CA21.06	176	0.34	440.64	16.48	18.59
CA21.07	886.8	0.71	60.14	15.42	5.86
CA21.08	810.4	1.71	49.77	15.67	12.57
CA21.09	943.6	0.87	46.89	16.1	16.25
CA21.10	719	0.66	83.49	16.45	11.42
CA21.11	842	0.6	68	18.56	13.42
CA21.12	1133.6	1.02	109.31	17.32	12.65
CA21.13	2519.8	1.63	0	51.21	17.69
CA21.14	2598.8	1.03	24.65	44.4	10.3
CA21.15	1908.6	0.66	0	42.28	19.49
CA21.16	1916.4	0.61	27.96	39.22	22.55
CA21.17	1930.8	0.72	69.78	44.97	15.85
CA21.18	2401.2	1.57	0	42.99	16.53
CA22.01	173.2	1.75	296.39	13.7	17.7
CA22.02	177.6	0.68	37.03	17.09	8.08
CA22.03	194.2	0	56.87	12.94	8.02
CA22.04	215.2	0.27	28.95	13.17	14.3
CA22.05	272.6	0.19	45.29	6.76	NA
CA22.06	216	0	37.14	8.09	18.47
CA22.07	912.6	0.82	46.89	20.85	17.91
CA22.08	1003	0.89	50.21	15.5	14.45
CA22.09	962.4	0.66	49.48	16.02	12.19
CA22.10	989.4	0.61	85.15	14.16	21.37
CA22.11	1198.8	0.75	48.78	14.66	31.92
CA22.12	866.8	0.59	76.18	14.75	16.47
CA22.13	2333	0.89	23.92	47.7	25.25
CA22.14	2428.8	1.26	0	43.13	23.88
CA22.15	2385.4	0.88	77.07	48.43	15.17
CA22.16	2195.6	0.91	8.99	46.4	21.49
CA22.17	2671.2	2.39	0	50.33	39.58
CA22.18	2871	1.17	0	46.55	30.63
CA23.01	194.6	0	33.68	9.44	11.04
CA23.02	181.6	0	42.57	6.65	11.22
CA23.03	182.8	0	31.68	11.58	15.34
CA23.04	233	0.25	34.36	10.9	26.17
CA23.05	217	1.53	36.92	11.8	14.67
CA23.06	181.6	0.39	31.14	7.87	29.57
CA23.07	954.8	0.87	46.03	18.65	25.41
CA23.08	862.8	0.67	49.07	18.56	19.15
CA23.09	986.8	0.69	52.5	18.2	11.96
CA23.10	1038.6	0.69	47.2	15.59	16.49
CA23.11	787	0.66	51.12	14.75	14.91
CA23.12	919.2	0.64	114.55	15.76	10.67
CA23.13	2346.6	0.75	0	52.54	20.36
CA23.14	1923.4	0.8	74.28	41.44	14.9
CA23.15	1986.2	0.74	0	47.85	16.54
CA23.16	2491.2	0.85	0	48.43	17.66
CA23.17	2317.4	0.88	315.09	55.54	19.66
CA23.18	2327.4	2.09	79.4	51.95	19.89
CA24.01	180	3.29	36.18	8.2	8.85
CA24.02	196.8	0	35.69	6.76	7.55
CA24.03	186.4	0	34.19	15.46	11.86
CA24.04	185.2	0.03	44.07	6.76	24.07
CA24.05	171.6	0.41	32.61	8.09	35.72
CA24.06	191.4	0.11	34.92	14.88	30.77
CA24.07	870.4	0.65	53.04	16.45	18.46
CA24.08	892.8	0.56	49.28	14.75	14.9
CA24.09	807.8	0.83	68	16.45	12.86
CA24.10	769.6	0.57	47.76	15.5	12.82
CA24.11	953.8	0.66	60.37	15.33	15.83
CA24.12	1019.2	0.7	97.07	15.5	13.26
CA24.13	1711.2	0.78	0.09	41.58	14.44
CA24.14	1962	1.12	50.49	49.59	20.39
CA24.15	2041.8	0.68	96.61	47.12	14.6
CA24.16	1940.2	0.68	12.39	47.85	11.38
CA24.17	2106.2	0.97	0	46.83	11.99
CA24.18	2019.2	1.56	0	43.41	24.72
CB01.01	172.8	4.43	7.93	51.51	18.31
CB01.02	159	9.49	7.19	51.06	27.4
CB01.03	209.7	7.85	561.55	41.86	44.6
CB01.04	196.7	4.21	0	49.62	6.64
CB01.05	230.3	2.68	284.43	43.23	5.64
CB01.06	215.2	2.31	0	43.95	5.24
CB01.07	1000	0.76	41.51	36.7	18.27
CB01.08	1000	0.92	36.5	37.71	8.13
CB01.09	950	0.49	80.12	35.2	19.47
CB01.10	1045.3	0.89	42.35	37.33	7.98
CB01.11	1080.4	0.79	238.48	29.61	17.74
CB01.12	984.3	0.85	46.05	30.81	14.68
CB01.13	2305.3	0	74.63	15.08	8.51
CB01.14	2114.5	0	67.75	8.51	6.62
CB01.15	2077.3	0.09	50.65	45.95	6.7
CB01.16	2169.2	0.49	8.57	39.22	10.46
CB01.17	2371.6	0	4.05	61.39	7.37
CB01.18	1931.7	0.85	184.97	41.81	8.87
CB02.01	174.6	4.78	67.58	42	14.77
CB02.02	177.4	4.68	158.93	49.89	23.96
CB02.03	166.3	3.36	0	47.99	11.99
CB02.04	202.9	1.96	80.99	44.07	8.41
CB02.05	202.9	2.64	0	43.11	6.52
CB02.06	199.6	4.51	0	40.5	8.07
CB02.07	776	0.93	89.55	35.45	7.23
CB02.08	1018.8	0.03	20.84	34.46	8.76
CB02.09	851.7	0.44	26.3	36.45	8.32
CB02.10	1077.8	0	36.12	28.66	8.84
CB02.11	1103.6	0.85	30.72	36.82	6.08
CB02.12	717	0.23	29.68	33.6	12.81
CB02.13	2212.6	0	65.42	7.85	13.02
CB02.14	2158.6	0	458.2	9.11	8.99
CB02.15	1903.6	0.93	255.38	43.12	8.41
CB02.16	2483.1	0.93	7.69	48.49	12.03
CB02.17	2384	0.89	313.81	48.15	6.75
CB02.18	2636.3	0.16	20.17	61.58	15.95
CB03.01	167.1	8.95	140.1	54.19	12.48
CB03.02	180	3.66	61.15	43.13	12.45
CB03.03	156.5	9.1	1948.12	50.03	8.72
CB03.04	196.8	3.14	0	41.8	6.17
CB03.05	226.2	7.6	2.86	43.95	8.9
CB03.06	215.7	3.49	267.95	50.12	8.01
CB03.07	821.7	0.93	20.98	38.08	11.7
CB03.08	1011.9	0	64.32	36.45	46.24
CB03.09	1057.5	0.74	53.76	35.57	67.32
CB03.10	1045.7	0	21.1	43.9	20.22
CB03.11	1195.3	0	118.22	32.86	11.68
CB03.12	704.2	0.65	75.46	8.85	27.86
CB03.13	2424.3	0	379.52	12.44	11.42
CB03.14	2700.5	0	66.35	12.63	17.68
CB03.15	2443.5	0.6	121.29	41.97	6.9
CB03.16	2547	0.72	179.54	46.45	12.17
CB03.17	2058.2	1.25	243.97	44.95	7.06
CB03.18	2616.2	0	345.31	61.39	10.29
CB04.01	177.4	6.72	0	47.99	14.39
CB04.02	192.5	4.07	4.23	49.3	9.59
CB04.03	168.7	5.32	66.49	43.27	9.08
CB04.04	179.3	3.16	28.88	46.76	4.96
CB04.05	193.4	3.15	236.75	47.62	4.71
CB04.06	207.9	5.17	491.07	47.62	6.11
CB04.07	930.3	0.55	41.57	34.09	4.41
CB04.08	1060.3	0.25	51.84	31.29	6.51
CB04.09	769.9	0.45	96.78	32.01	6.98
CB04.10	1031.2	0	66.54	6.88	8.45
CB04.11	958.3	0.65	76.65	5.71	8.94
CB04.12	980.7	0	136.34	5.18	7.38
CB04.13	2020.01	0	100.05	9.45	9.62
CB04.14	2065.6	0	71.66	10.6	10.52
CB04.15	1701.5	0.6	4.49	43.45	11.22
CB04.16	2060.9	0.49	12.42	41.32	8.09
CB04.17	2286.5	0.22	421.74	44.11	10.43
CB04.18	1964	0	76.18	39.38	7.42
CB05.01	152	2.39	41.72	48.43	11.39
CB05.02	172.5	2.69	377.38	57.21	9.71
CB05.03	170	4.77	72.49	56.6	10.52
CB05.04	162.8	1.73	184.94	44.44	6.57
CB05.05	182.2	2.23	0	44.68	4.51
CB05.06	228.3	3.99	12.08	47.5	6.32
CB05.07	1030.9	0.81	27.15	31.29	6.42
CB05.08	933.5	0.71	39.26	30.81	9.64
CB05.09	837.7	0.38	27.36	37.45	11.12
CB05.10	1034.2	0	65.41	7.04	7.49
CB05.11	859.6	0	65.32	6.25	7.05
CB05.12	1007.8	0.43	65.67	7.68	10.9
CB05.13	1823	0	81.02	17.46	13.17
CB05.14	1760.8	0	68.76	10.33	12.94
CB05.15	1864.3	0.17	15.23	40.99	9.71
CB05.16	2104.3	0.68	72.76	38.09	7.73
CB05.17	2250.5	0	106.34	47.64	5.35
CB05.18	2123	0	26.1	42.14	3.15
CB06.01	189.4	6.82	53.42	50.18	6.48
CB06.02	169.7	9.16	0	55.69	6.55
CB06.03	159.2	2.84	82.46	49.3	9.95
CB06.04	182.5	4.66	256.91	44.68	10.01
CB06.05	195.8	4.34	325.09	49.49	7.96
CB06.06	198.6	1.92	252.15	48.99	7.78
CB06.07	1112.2	0.93	24.35	34.21	5.53
CB06.08	954.1	0.85	21.89	33.48	9.49
CB06.09	902.3	0.8	39.31	30.81	8.97
CB06.10	966.1	0	78.69	8.26	8.35
CB06.11	1059.3	1.03	82.66	9.28	10.18
CB06.12	1054.7	0	81.61	9.19	14.49
CB06.13	1875.1	0	82.81	9.89	7.88
CB06.14	2252.6	0	82.54	14.98	7.92
CB06.15	2119.4	0.02	56.84	49	11.72
CB06.16	2099.6	0	7.99	54.38	5.42
CB06.17	2434.2	0	123.2	46.96	8
CB06.18	2238	0	19.12	46.45	9.24
CB07.01	181.4	4.75	103.89	52.39	11.97
CB07.02	212.7	4.92	69.78	49.89	9.94
CB07.03	182.8	4.76	2.42	49.45	5.97
CB07.04	248.1	3.54	1910.98	46.26	6.05
CB07.05	194.5	2.27	2036.43	47	11.74
CB07.06	226.8	3.76	1883	44.92	12.51
CB07.07	902.6	0.94	64.8	30.57	5.72
CB07.08	1107	0.79	21.56	33.84	51.94
CB07.09	1044.5	0.29	22.35	32.5	9.78
CB07.10	1006.6	0.69	68.56	6.96	5.86
CB07.11	1112.6	0.21	65.55	14.58	7.97
CB07.12	1154.2	0	84.88	11.42	8.92
CB07.13	2540.7	0	74.39	16.94	11.2
CB07.14	2280	0	65.83	10.69	18.42
CB07.15	2658	0	54.73	45.28	48.73
CB07.16	2022.5	0.33	87.78	44.61	10.5
CB07.17	2436.1	0	16.36	46.79	14.3
CB07.18	3023.4	0.03	35.84	46.29	21.39
CB08.01	206.9	2.9	0	47.85	9.07
CB08.02	190.2	3.14	201.72	55.69	12.46
CB08.03	179.3	2.98	1399.2	45.16	8.7
CB08.04	203.4	3.21	666.25	53.17	8.47
CB08.05	225.3	8.87	4216.1	50.37	12.23
CB08.06	217.8	0.89	21.1	28.07	6.99
CB08.07	1115.9	0.75	21.1	37.71	6.38
CB08.08	973.8	0.87	34.19	34.95	13.98
CB08.09	892.9	0	72.71	12.44	5.92
CB08.10	1034.5	5.97	506.5	54.04	5.67
CB08.11	927.9	0	76.17	10.42	8.93
CB08.12	1171.3	0.24	65.46	2.33	8.34
CB08.13	2182.5	0	114.53	7.68	21.95
CB08.14	2100.3	0	74.73	8.43	9.28
CB08.15	2664.6	0	8.64	49.17	14.69
CB08.16	2300.9	1	14.84	35.72	40.36
CB08.17	2894	0	37.52	47.81	26.5
CB08.18	2140.3	0	52.46	45.45	45.54
CB09.01	168.3	8.28	117.54	50.33	24.8
CB09.02	184.6	4.16	64.33	44.4	18.25
CB09.03	194	2.5	1069.41	38.12	7.81
CB09.04	187.6	2.99	0	51.76	9.47
CB09.05	221.1	3.57	0	52.4	19.12
CB09.06	221.2	2.64	177.11	56.02	9.67
CB09.07	1065.4	0.88	123.2	33.84	7.43
CB09.08	924.4	0.71	45.14	40	9.81
CB09.09	905.9	0	43.9	36.82	11.45
CB09.10	996.8	0.93	69.46	8.34	7.74
CB09.11	1040.1	1.11	73.55	7.68	6.82
CB09.12	860	0	111.25	6.25	10.29
CB09.13	1410.3	0	65.52	14.68	9.13
CB09.14	2362.6	0	82.92	14.78	6.94
CB09.15	2256	0	296.65	52.63	7.96
CB09.16	2222.6	0.98	29.55	46.79	5.25
CB09.17	2223	0.57	149.91	14.92	7.05
CB09.18	1974.4	0	63.59	8.44	5.36
CB10.01	170.7	1.89	50.08	46.11	7.29
CB10.02	192.2	1.24	80.09	43.69	11.28
CB10.03	183.4	2.39	123.22	45.11	18.36
CB10.04	221.7	2.08	394.88	50.62	10.48
CB10.05	164.5	1.01	7.9	53.55	10.46
CB10.06	206.5	0.96	0	51.26	7.2
CB10.07	921	0.85	24.82	35.2	5.67
CB10.08	876.5	0.66	94.57	36.32	7.68
CB10.09	864.4	0	45.56	35.57	6.38
CB10.10	966.4	0	139.74	11.24	8.94
CB10.11	914.1	0.4	83.38	11.88	8.11
CB10.12	991.9	0	69.46	10.87	4.92
CB10.13	1944.5	0	81.02	19.75	6.53
CB10.14	2039.6	0	65.37	14.88	5.86
CB10.15	1850.8	0.95	162.22	43.62	5.96
CB10.16	2059.6	0.5	13.78	46.12	9.82
CB10.17	1997	0.16	137.69	11.97	13.74
CB10.18	2352	1.67	50.16	8.13	6.59
CB11.01	195.5	6.87	24.65	44.69	8.8
CB11.02	199.4	3.86	36.5	44.83	10.11
CB11.03	168.8	6.05	2059.64	53.89	6.89
CB11.04	243.7	2.26	171.56	52.91	7.43
CB11.05	217.8	3.69	90.09	47.5	10.5
CB11.06	217	2.38	56.78	50.75	23.16
CB11.07	864	0.66	32.98	38.21	26.12
CB11.08	883.2	0.84	71.31	40.77	6.37
CB11.09	900.6	0.93	145.03	34.83	6.47
CB11.10	895.6	0.87	70.02	11.7	6.41
CB11.11	1043.9	1	65.9	9.63	100.72
CB11.12	987.5	0.93	73.53	4.38	19.48
CB11.13	2332.4	0	77.87	14.68	4.2
CB11.14	1960.4	0	67.1	12.63	55.89
CB11.15	1978.4	1.91	67.76	43.95	6.53
CB11.16	2329.2	0.65	79.95	61.21	16.33
CB11.17	2256	0.5	56.61	9.4	10.58
CB11.18	2549.1	0	45.65	9.72	17.67
CB12.01	187.8	2.77	0	50.62	19.67
CB12.02	191.7	3.36	8.99	49.45	9.96
CB12.03	188.9	6.14	248.51	51.21	17.04
CB12.04	223.3	1.96	310.37	52.15	12.66
CB12.05	213.1	3.17	476.34	48.49	15.89
CB12.06	224	4.22	846.52	47	11.35
CB12.07	1048.2	0.24	49.06	37.83	9.4
CB12.08	789	0	59.35	33.97	11.6
CB12.09	877.8	0	20.9	32.74	9.86
CB12.10	1084	0.56	69.77	6.02	9.18
CB12.11	1021.3	0	69.99	2.86	9.68
CB12.12	1100	0.47	66.47	13.3	11.72
CB12.13	2590.8	0	66.07	11.7	15.13
CB12.14	2902.5	0	82.38	11.51	23.27
CB12.15	2513	0.5	28.81	45.78	9.18
CB12.16	2420.1	0	228.44	52.1	15.05
CB12.17	2400.7	1.73	44.03	9.56	10.17
CB12.18	2099.9	0.62	101.89	9.4	5.59
CB13.01	152.3	3.11	181.58	48.28	13.78
CB13.02	181.2	2.33	34.82	51.65	12.87
CB13.03	183.2	3.87	110.62	53.89	4.44
CB13.04	210.3	2.33	564.53	46.39	9.34
CB13.05	241.5	2.46	149.13	47.87	5.77
CB13.06	235.6	2.44	0	51.64	5.82
CB13.07	1116.7	0.79	223.68	37.33	4.98
CB13.08	999.5	0.67	73.05	32.99	7.77
CB13.09	852.5	0	77.53	35.57	19.78
CB13.10	1030.1	0	68.93	6.32	NA
CB13.11	940.6	0.75	74.03	5.11	23.3
CB13.12	1116.7	0.57	78.83	5.41	13
CB13.13	2265.9	0	9.69	47.13	21.86
CB13.14	2106.3	0.5	12.42	42.3	81.16
CB13.15	2205.3	0	7.1	57.23	29.54
CB13.16	2322.3	0.15	22.77	50.89	13.89
CB13.17	2588.7	0.63	42.46	7.97	20.2
CB13.18	1877.2	0	187.32	9.72	28.95
CB14.01	179.8	6.72	144.06	45.54	7.06
CB14.02	156.4	4.9	0	55.84	6.19
CB14.03	198.6	4.41	614.47	56.75	7.05
CB14.04	222.1	1.16	1351.88	50.5	7.86
CB14.05	184.1	3.56	32.6	49.24	14.25
CB14.06	224.7	6.64	169.41	53.17	7.08
CB14.07	1011.4	0	143.95	38.72	17.22
CB14.08	986.2	0.44	51.43	38.59	56.16
CB14.09	1013.9	0.56	43.09	41.54	50.46
CB14.10	959.8	0.93	65.34	12.73	14.32
CB14.11	978.4	0.74	65.36	6.64	20.53
CB14.12	1056.8	0	76.29	5.33	9.93
CB14.13	2110.4	0.98	76.18	47.47	11.61
CB14.14	2264.3	0.73	6.51	47.81	26
CB14.15	2268.7	0.93	80.22	51.58	46.15
CB14.16	2351.8	1	28.96	55.8	9.32
CB14.17	2596	0.68	76.97	7.49	4.11
CB14.18	2418.9	0	44.03	8.76	73.7
CB15.01	191.4	4.31	262.68	52.84	3.91
CB15.02	211.7	7.29	27.64	54.34	15.42
CB15.03	161.8	3.39	332.3	52.69	7.41
CB15.04	199.2	5.08	846.52	48.49	5.29
CB15.05	199.5	2.32	58.14	50.24	13.45
CB15.06	209.4	3.35	188.9	50.88	17.48
CB15.07	890.9	0	22.7	31.65	5.08
CB15.08	947.4	0	22.25	37.45	6.71
CB15.09	907.2	0	64.8	42.06	7.99
CB15.10	1032.2	0.54	116.56	6.4	15.32
CB15.11	1023.5	0.86	129.82	8.77	36.31
CB15.12	1033	0	102.25	6.88	19.33
CB15.13	2047.9	0.62	9.98	51.06	44.51
CB15.14	1970.4	0.64	29.55	49.34	17.57
CB15.15	2285.2	0.29	11.57	54.56	11.99
CB15.16	2173.2	0.25	30.3	51.76	84.16
CB15.17	2152.5	0	44.85	10.68	55.14
CB15.18	2197.6	0	56.52	8.92	12.47
CB16.01	224.2	6.44	334.61	62.15	9.67
CB16.02	155.7	3.58	129.02	60.59	7.74
CB16.03	183.4	6.16	219.4	65.93	16.02
CB16.04	223	6.44	93.19	47	4.73
CB16.05	222.1	2.06	288.84	51.64	27.98
CB16.06	239.3	4.62	1418.58	52.27	6.36
CB16.07	1083.5	0.56	23.74	39.74	16.1
CB16.08	1031.5	0	22.8	38.08	12.66
CB16.09	871.1	0	31.86	39.74	54.72
CB16.10	1031.4	0	72.48	8.18	36.39
CB16.11	731.1	0	65.38	11.42	26.15
CB16.12	966.6	0.21	65.42	10.69	13.42
CB16.13	2600.6	0.22	11.57	42.79	22.88
CB16.14	2050.8	0.02	127.69	36.51	5.04
CB16.15	2506.3	0.4	217.67	43.95	20.53
CB16.16	2309.2	0.11	37.69	48.32	9.35
CB16.17	3191.9	0	43.36	8.92	33.01
CB16.18	2404.1	1.36	97.12	8.92	19.51
CB17.01	215.5	7.47	0	46.14	6.64
CB17.02	219.5	5.29	0	45.04	8.02
CB17.03	180.8	10.13	23.08	42.63	9.45
CB17.04	219.4	4.87	0	47.62	8.42
CB17.05	169.7	2.7	0	51	9.2
CB17.06	202.2	1.72	561.38	41.56	6.01
CB17.07	609.7	0	43.96	39.48	14.49
CB17.08	991.3	0.86	139.28	41.16	8.9
CB17.09	1170.2	0	20.98	40	11.83
CB17.10	1130.3	0.5	72.92	8.68	14.51
CB17.11	1020.6	0	97.93	4.38	22.54
CB17.12	1278.1	0	74.03	7.52	14.96
CB17.13	2314.8	0	6.83	43.78	18
CB17.14	2362	0.67	12.42	45.28	32.07
CB17.15	2484.6	0.01	60.08	64.91	14.75
CB17.16	2676.8	0.6	3.96	48.32	8.08
CB17.17	2729.1	0.85	42.68	9.72	17.93
CB17.18	2758.3	1.44	104.06	9.72	24.16
CB18.01	197.8	7.17	0	35.53	18.79
CB18.02	180.5	6.13	55.43	43.83	14.49
CB18.03	171.3	6.11	0	41.32	182.94
CB18.04	224.5	0.97	279.48	45.9	12.4
CB18.05	206.4	4.69	1025.87	45.65	9.59
CB18.06	217	2.87	94.75	45.53	13.31
CB18.07	912.8	0	97.52	41.29	10.63
CB18.08	739.8	0.83	83.35	41.67	10.98
CB18.09	876.1	0.21	50.43	40.25	7.46
CB18.10	1092.9	0	66.67	11.97	8.74
CB18.11	918.3	0.54	80.27	9.71	25.09
CB18.12	837.8	0.7	65.35	11.79	12.93
CB18.13	2538.2	0.37	32.77	45.45	5.21
CB18.14	2033.5	0.53	35.18	41.64	12.18
CB18.15	2367.6	0.49	351.26	57.23	15.5
CB18.16	2288.1	0.33	4.82	53.33	11.2
CB18.17	2812.4	0	94.9	8.13	11.93
CB18.18	2177.2	0	171.06	8.92	7.18
CB19.01	211.7	6.64	0	44.32	21.04
CB19.02	216.5	11.33	386.84	37.36	9.24
CB19.03	157.1	7.37	16.38	47.87	22.8
CB19.04	228.2	2.14	494.04	42.75	6.79
CB19.05	207.9	2.17	1042.6	44.19	8.23
CB19.06	202.5	3.57	1304.2	48.24	6.76
CB19.07	859.8	0	45.62	44.95	21.74
CB19.08	971.8	0.84	33.58	44.29	11.35
CB19.09	984	0	36.46	39.87	5.95
CB19.10	1038.7	0	66.83	10.42	27.8
CB19.11	1051	0.65	79	3.54	13.68
CB19.12	900.9	0.92	59.06	14.48	14.27
CB19.13	2290.2	0.4	99.09	39.7	8.59
CB19.14	2115.8	1.54	34.37	38.89	25.62
CB19.15	1998.6	0.89	101.66	58.13	13.22
CB19.16	2566.8	0.62	104.57	46.79	17.18
CB19.17	2253	0	49.27	7.97	29.96
CB19.18	2500.3	0	75.21	8.6	17.75
CB20.01	203	5.53	5.86	44.68	14.64
CB20.02	188.8	5.27	0	41.8	11.8
CB20.03	197.4	4.19	0	39.32	11.43
CB20.04	206	2.17	270.24	47.13	11.23
CB20.05	200.5	3.01	441.82	47	7.33
CB20.06	224.1	2.56	743.1	41.09	8.19
CB20.07	901.1	0	22.8	32.74	6.31
CB20.08	1060.5	0.45	20.88	39.23	18.15
CB20.09	881.2	0	89.55	44.95	25.63
CB20.10	1103.7	0	88.08	8.43	10.19
CB20.11	918.4	0	72.25	10.33	14.36
CB20.12	921.6	0.65	77.98	17.78	25.11
CB20.13	2059.1	0	155.35	42.14	13.69
CB20.14	2643.5	0	3.4	35.25	10.42
CB20.15	2287	0.56	33.4	51.24	9.67
CB20.16	2568.4	0.33	36.67	57.05	13.24
CB20.17	2394.4	0	63.48	8.6	18.74
CB20.18	2639.2	1.26	60.78	7.97	12.14
CB21.01	179.1	6.13	303.12	36.33	15.03
CB21.02	177.2	2.19	0	43.47	8.77
CB21.03	176	2.33	0	42.99	8.82
CB21.04	190	1.51	1467.6	40.73	9.74
CB21.05	190	3.74	2349.13	42.75	7.74
CB21.06	227.1	2.82	2399.05	42.87	19.7
CB21.07	938.6	0	47.72	40.51	8.01
CB21.08	898.3	0	21.96	42.06	5.98
CB21.09	887.6	0	26.91	43.76	6.36
CB21.10	898.1	0	66.18	15.59	17.5
CB21.11	887.2	0	69.77	13.02	20.52
CB21.12	907.9	0	65.36	13.21	10.56
CB21.13	1792.7	0.23	179.54	48.15	13.87
CB21.14	2184.8	0.12	67.76	42.14	15.29
CB21.15	2037	0	4.65	62.87	13.9
CB21.16	1687.2	0.68	545.75	38.73	18.02
CB21.17	2148.9	0.29	81.58	14.76	5.2
CB21.18	2284.6	0	116.55	9.72	9.28
CB22.01	180.9	3.45	0	40.61	7.91
CB22.02	179.6	3.54	0	49.24	8.81
CB22.03	168.1	2.99	0	46.76	8.94
CB22.04	203.3	2.99	209.18	43.59	14.06
CB22.05	229.3	0.38	22.06	37.58	12.81
CB22.06	241.5	0.39	21.5	35.08	11.23
CB22.07	707.3	0.75	23.05	38.85	8.68
CB22.08	876.6	0	21.02	39.48	5.77
CB22.09	897	0.78	29.94	41.93	5.32
CB22.10	981.3	0.55	67.5	15.39	9.39
CB22.11	936.9	0.43	82.62	14.38	8.58
CB22.12	971.5	0.47	80.6	12.82	12.67
CB22.13	2273.1	0.08	101.66	51.41	16.16
CB22.14	2050.8	1.16	48.47	45.61	7.83
CB22.15	1915.5	0	169.64	52.8	4.51
CB22.16	1755	0.72	205.09	59.75	8.18
CB22.17	1783.8	0	77.87	11	4.41
CB22.18	2453.6	0	45.88	10.36	6.39
CB23.01	208.3	2.8	270.24	44.44	14.25
CB23.02	178.9	3.92	1452.81	42.15	16.44
CB23.03	181.5	1.7	272.82	42.63	14.9
CB23.04	187.2	0.84	213.09	27.02	6.12
CB23.05	226.8	0.89	22.35	27.84	9.69
CB23.06	216.2	0.91	23.87	33.97	7
CB23.07	998	0	33.28	42.32	11.13
CB23.08	1068.2	0.86	326.18	49.11	10.5
CB23.09	1024.6	0.84	113.14	46.55	17.95
CB23.10	937.2	0	145.03	12.63	23.21
CB23.11	987.5	0.38	72.49	18.76	22.84
CB23.12	1190.9	0.63	107.51	9.8	22.45
CB23.13	2200.5	0	44.65	41.48	15.61
CB23.14	2025.9	0.37	35.84	49.34	10.41
CB23.15	2403	0.07	50.45	66.4	12.17
CB23.16	1728.4	0.4	224.1	58.67	26.41
CB23.17	2437.8	0	44.62	10.36	11.39
CB23.18	2143.8	0	42.57	9.08	11.14
CB24.01	195.8	3.33	93.19	44.92	7.24
CB24.02	210.2	0.79	0	42.03	27.93
CB24.03	185.8	2.85	126.13	43.71	20.83
CB24.04	245.6	0.59	23.89	32.62	10.63
CB24.05	247	0.62	78.82	31.53	8.51
CB24.06	212.5	0.37	54.32	33.6	10.73
CB24.07	1099.2	0.77	107.51	43.37	14.21
CB24.08	1184.9	0.78	20.98	39.61	12.95
CB24.09	864.5	0.79	104.37	41.8	8.8
CB24.10	891.3	0.24	66.08	11.7	26.65
CB24.11	1024	0	65.48	11.7	40.82
CB24.12	1075.3	0	65.63	9.89	12.9
CB24.13	2700.1	0.16	8.91	40.67	11.95
CB24.14	2680.9	0	3.96	41.81	21.13
CB24.15	2221.5	0.51	367.15	55.62	35.22
CB24.16	2731.8	0	3.4	60.48	24.26
CB24.17	2921.5	0.2	50.51	10.36	66.3
CB24.18	2602.5	0	43.82	11.49	28.54
CC01.01	161.2	3.89	0	17.91	8.13
CC01.02	172.1	5.62	0	17.45	10.59
CC01.03	176	6.51	0	16.21	3.89
CC01.04	173.8	4.61	0	19.09	9.42
CC01.05	221.5	6.17	115.66	16.32	4.83
CC01.06	217.7	6.38	60.93	16.32	7.95
CC01.07	1092	7.34	0	43.94	6.36
CC01.08	1144	2.46	41.22	39.35	13.6
CC01.09	924	5.57	22.3	42.06	9.18
CC01.10	1004	2.5	6.83	39.35	11.87
CC01.11	1032	1.71	34.3	34.53	12.12
CC01.12	1270	2.43	5.89	32.26	8.41
CC01.13	1858	2.82	52.87	4.15	12.04
CC01.14	2180	0.83	26.52	10.11	30.52
CC01.15	2350	1.03	88.05	8.75	26.23
CC01.16	2650	1.29	42.95	9.81	52.67
CC01.17	2372	1.33	92.01	11.04	34.18
CC01.18	2550	1.26	33.29	8.18	47.03
CC02.01	159.4	1.74	0	13.15	5.77
CC02.02	173.5	6	0	14.38	5.8
CC02.03	155.5	0.52	300.71	18.62	6.37
CC02.04	213.8	6.3	34.19	18.97	6.44
CC02.05	134.9	5.59	61.55	17.11	8.1
CC02.06	193.6	5.86	0	21.44	4.82
CC02.07	850	3.63	20.54	39.51	8.37
CC02.08	908	5.19	NA	39.35	2.34
CC02.09	948	2.68	NA	48.48	2.52
CC02.10	1146	2.76	26.55	43.94	9.71
CC02.11	1088	2.17	81.96	40.87	12.49
CC02.12	952	1.58	78.32	40.02	11.27
CC02.13	1950	1.32	42.95	8.96	28.82
CC02.14	2080	2.42	47.5	9.24	17.66
CC02.15	1910	4.47	36.27	12.94	15.05
CC02.16	2060	2.29	50.13	9.93	16.6
CC02.17	2104	1.24	126.73	9.81	16.14
CC02.18	2082	1.09	63.3	9.64	15.68
CC03.01	165.7	4.35	0	15.66	6.8
CC03.02	193	6.52	0	18.97	4.45
CC03.03	184.8	5.28	0	20.81	6.37
CC03.04	198.6	5.45	0	16.77	6.51
CC03.05	185.2	2.7	0	19.94	7.54
CC03.06	159.5	3.69	5.32	17.22	3.74
CC03.07	906	2.56	19.96	39.68	5.17
CC03.08	1046	1.72	53.92	41.03	31.05
CC03.09	856	2.16	0	39.18	5.4
CC03.10	1040	1.68	74.24	40.02	7.36
CC03.11	1098	2.64	3.17	50.79	6
CC03.12	890	1.63	32.97	47.25	16.05
CC03.13	1774	1.1	73.85	12.24	22.15
CC03.14	2274	1.51	89.36	8.91	52.98
CC03.15	2158	1.35	103.1	8.23	20.98
CC03.16	1814	2.31	166.07	10.6	27.65
CC03.17	1572	1.47	168.91	11.56	42.42
CC03.18	2364	1.55	20.29	9.64	26.16
CC04.01	182.2	4.52	0	14.91	7.79
CC04.02	173.4	5.76	23.76	15.55	3.89
CC04.03	155.2	4.97	0	13.76	6.7
CC04.04	175	5.15	NA	17.91	7.23
CC04.05	178	4.09	0	17.45	5.78
CC04.06	202.1	4	33.15	16.32	6.74
CC04.07	916	1.08	12.29	48.48	12.93
CC04.08	820	1.22	29.07	45.68	10.69
CC04.09	902	3.86	57.08	45.33	9.65
CC04.10	950	2.14	0	39.35	8.2
CC04.11	928	2.35	0.19	43.94	5.43
CC04.12	724	2.46	0	32.26	4.22
CC04.13	1310	1.69	28.27	9.87	14.58
CC04.14	1540	0.77	21.99	11.04	20.87
CC04.15	1710	1.02	16.71	10.97	19.57
CC04.16	1798	2.07	103.82	9.99	16.8
CC04.17	2002	2.1	59.17	10.47	12.25
CC04.18	1520	0.9	169.86	12.24	6.18
CC05.01	168.4	6.36	6.48	21.44	8.1
CC05.02	166.9	5.17	9.26	13.45	8.65
CC05.03	151.3	5.52	0	20.68	7.42
CC05.04	198.2	4.8	0	16.66	12.59
CC05.05	199.9	4.11	0	15.01	6.24
CC05.06	214.5	2.85	0	12.55	3.83
CC05.07	972	2.4	31.65	50.43	12.29
CC05.08	930	2.69	0	47.25	9.52
CC05.09	1036	1.62	216.63	56.21	19.36
CC05.10	1076	1.41	8.96	43.08	6.84
CC05.11	914	1.54	0	44.98	11.86
CC05.12	798	0.81	86.99	39.68	10.95
CC05.13	2120	1.01	50.58	9.47	5.56
CC05.14	2290	1.08	36.27	8.91	7.14
CC05.15	2010	1.81	21.44	10.11	6.5
CC05.16	1730	1.07	33.61	12.58	6.17
CC05.17	2006	1.1	33.29	10.78	17.34
CC05.18	1964	1.15	16.33	9.87	17.06
CC06.01	176.8	4.89	0	17.68	6.87
CC06.02	165.4	5.92	0	24.99	6.26
CC06.03	151.9	4.52	0	24.85	6.14
CC06.04	162.4	2.14	8.46	19.7	NA
CC06.05	182.4	4.85	32.64	21.44	2.37
CC06.06	182.3	5.59	0	21.82	2.14
CC06.07	738	1.72	0	38.34	5.05
CC06.08	722	3.08	0	40.53	7.48
CC06.09	724	0	21.59	8.94	6.25
CC06.10	732	2.31	13.41	2.33	6.78
CC06.11	764	5.36	25.32	0	13.88
CC06.12	904	3.71	13.57	4.37	6.34
CC06.13	1840	1.43	48.8	10.6	12.31
CC06.14	2150	2.65	59.68	9.47	9.25
CC06.15	1972	2.16	27.02	13.45	9.3
CC06.16	1178	1.31	25.79	11.36	6.84
CC06.17	1916	1.31	22.17	10.23	3.77
CC06.18	1730	2.31	16.7	11.89	7.58
CC07.01	183.1	4.13	0	25.13	9.85
CC07.02	156.5	5.01	0	22.2	4.66
CC07.03	158.5	5.76	26.64	22.59	14
CC07.04	202.1	5.48	0	21.69	4.02
CC07.05	193.3	6.41	0	22.46	9.08
CC07.06	184.4	4.94	0	18.5	5.94
CC07.07	870	1.64	16.87	4.6	8.7
CC07.08	766	14.79	29.37	9.63	9.13
CC07.09	588	3.2	17.96	17.95	4.84
CC07.10	931	1.45	25.95	24.51	7.83
CC07.11	975	5.86	13.44	11.93	8.78
CC07.12	898	10.08	24.7	5.28	5.93
CC07.13	1295	0.75	16.29	11.36	10.47
CC07.14	1730	1.03	23.77	11.56	8.15
CC07.15	1622	0.75	26.52	10.78	9.06
CC07.16	1600	1.26	99.55	12.51	5.89
CC07.17	1416	1.28	68.16	15.13	7.58
CC07.18	1612	0.8	61.73	12.87	4.89
CC08.01	153.3	3.48	0	16.21	9.77
CC08.02	147.9	3.87	0	19.09	4.83
CC08.03	182.4	2.38	0	23.51	20.15
CC08.04	182.6	2.03	0	20.19	6.44
CC08.05	215.1	3.07	4.56	21.82	6.02
CC08.06	192.4	5.01	0	19.21	7.56
CC08.07	836	5.31	30.82	1.87	13.84
CC08.08	916	1.35	19.85	4.6	16.21
CC08.09	918	8.43	16.87	0.29	9.27
CC08.10	708	2.21	65.51	0	6.39
CC08.11	943	8.65	101.71	3.69	6.11
CC08.12	830	4.5	17.75	6.65	6.81
CC08.13	1866	2.19	17.25	10.05	12.17
CC08.14	1856	1.03	29.69	37.75	10.14
CC08.15	1684	0.89	28.86	13.23	15.07
CC08.16	1786	0.84	75.61	12.87	2.95
CC08.17	1134	1.39	18.07	11.1	6.24
CC08.18	1866	2.34	48.8	10.85	5.42
CC09.01	151.4	4.63	0	24.04	14.47
CC09.02	154.1	5.21	61.55	25.26	13.87
CC09.03	177.5	4.13	1.96	22.72	9.28
CC09.04	190.4	3.27	8.46	24.45	5.63
CC09.05	192.3	4.06	0	24.18	14.08
CC09.06	196.4	5.09	0	20.68	11.61
CC09.07	674	3.35	14.41	8.25	10.05
CC09.08	910	5.36	25.32	8.71	3.94
CC09.09	638	8.93	64.8	2.33	13.17
CC09.10	992	18.81	43.04	5.05	9.58
CC09.11	856	13.47	28.62	9.17	7.57
CC09.12	798	9.21	16.87	0	5.1
CC09.13	1720	1.47	72.11	12.66	8.53
CC09.14	1545	2.22	21.99	12.44	8.55
CC09.15	2076	1.74	27.53	11.36	10.53
CC09.16	1732	1.6	56.69	10.11	3.93
CC09.17	1868	1.4	108.92	11.83	12.19
CC09.18	2092	1.51	20.13	14.35	9.35
CC10.01	167.3	4.63	34.71	24.85	6.02
CC10.02	176.6	5.78	0	25.26	13.58
CC10.03	164.3	5.24	0	26.37	9.99
CC10.04	198.8	5.45	0	20.19	5.76
CC10.05	217.4	3.85	4.94	20.56	7.37
CC10.06	178.4	4.25	0	21.95	7.89
CC10.07	858	10.32	27.58	4.6	9.12
CC10.08	684	1.43	36.09	16.56	9.01
CC10.09	708	10.02	13.45	15.63	5.92
CC10.10	764	9.96	25.32	7.11	7.81
CC10.11	942	12.27	28.3	5.51	9.57
CC10.12	894	22.94	24.37	8.94	12.08
CC10.13	1442	0.95	22.36	14.98	6.78
CC10.14	1678	2.42	164.2	3.84	3.38
CC10.15	1576	2.11	65.43	7.64	8.36
CC10.16	1602	2.91	47.5	9.18	5.45
CC10.17	1530	1.76	24.2	9.35	10.9
CC10.18	1310	0.85	39.49	6.07	7.19
CC11.01	184.2	4.79	0	22.59	7.87
CC11.02	207.8	4.3	10.48	20.81	8.4
CC11.03	183.7	3.94	3.44	20.56	5.45
CC11.04	171.7	6.77	0	27.65	7.93
CC11.05	214.3	5.58	0	28.95	8.67
CC11.06	230	5.71	378.21	28.81	9.73
CC11.07	942	7.27	13.57	9.63	22.24
CC11.08	962	12.07	82.42	0	6.5
CC11.09	1090	2.82	13.87	3.69	15.66
CC11.10	1140	0.51	173.8	8.48	5.23
CC11.11	980	0	39.73	13.77	9.14
CC11.12	874	11.94	17.22	9.4	11.23
CC11.13	1980	1.7	88.05	9.07	14.97
CC11.14	1840	2.18	59.17	6.58	7.25
CC11.15	2114	1.17	148.73	11.1	13.85
CC11.16	1932	2.9	124.32	9.52	12.8
CC11.17	1900	1.09	0	35.05	29.94
CC11.18	2080	1.22	0	34.43	16.54
CC12.01	191.7	3.94	36.28	25.26	8.39
CC12.02	150.9	4.82	34.19	29.39	5.19
CC12.03	167.8	4.6	0	31.19	9.49
CC12.04	196.7	5.39	0	28.22	8.23
CC12.05	204.1	3.66	147.01	27.65	13.23
CC12.06	206.3	6.69	33.67	33.2	5.65
CC12.07	1102	9.91	84.7	6.19	17.21
CC12.08	832	14.3	63.56	8.25	14.58
CC12.09	890	12.59	110.45	8.02	9.28
CC12.10	1014	3.87	34.44	8.25	14.49
CC12.11	1146	3.38	186.7	5.74	15.32
CC12.12	916	0	99.17	13.08	18.32
CC12.13	2460	0.9	0	35.05	5.12
CC12.14	2240	0.85	0	36.74	15.57
CC12.15	2170	0.8	0	33.52	25.42
CC12.16	1880	1.05	0	35.47	12.22
CC12.17	1480	0.69	0	31.1	10.23
CC12.18	2350	1.89	0	35.26	8.19
CC13.01	156.1	4.15	426.95	31.04	15.82
CC13.02	163.2	4.47	374.27	26.09	9.83
CC13.03	174.6	4.35	0	21.56	8.06
CC13.04	209.3	4.63	32.64	24.85	3.95
CC13.05	188.6	5.17	78.41	24.99	6.86
CC13.06	209.1	4.87	120.41	19.94	7.35
CC13.07	836	4.34	15.52	20.75	8.58
CC13.08	984	9.73	26.9	21.69	6.18
CC13.09	942	8.93	17.03	6.65	16.16
CC13.10	968	17.47	14.22	3.92	19.72
CC13.11	998	15.15	13.48	4.6	38.4
CC13.12	922	14.51	19.87	7.34	17.75
CC13.13	1850	1.1	0	35.05	14.28
CC13.14	2100	1.06	0	35.15	6.8
CC13.15	2240	0.85	0	34.64	14.07
CC13.16	1990	0.66	0	44.67	10.05
CC13.17	2480	1.11	0	33.42	11.35
CC13.18	2450	1.05	0	36.21	30.33
CC14.01	159.1	4.73	0	30.74	7.48
CC14.02	176.9	5.72	0	33.67	9.6
CC14.03	152.4	6.26	29.6	27.51	5.47
CC14.04	188.6	5.9	1.24	17.34	5.4
CC14.05	202.5	4.49	0	25.68	5.05
CC14.06	178.6	4.01	5.71	23.78	6.81
CC14.07	866	15.96	44.09	3.69	10.47
CC14.08	984	5.54	14.6	14.93	9.34
CC14.09	792	5.4	13.75	19.12	13.94
CC14.10	892	17.09	19.42	13.77	21.09
CC14.11	964	8.27	25.29	11.47	14.67
CC14.12	1002	7.78	25.32	6.19	21.35
CC14.13	1770	1.16	0	34.74	13.55
CC14.14	2116	1.13	0	35.15	10.29
CC14.15	1930	1.78	0	35.78	15.36
CC14.16	1750	0.83	0	36.53	14.17
CC14.17	1890	1.71	40.86	66.46	16.37
CC14.18	1836	1.56	0	35.89	10.25
CC15.01	178.4	4.44	322.37	26.09	8.88
CC15.02	176.6	2.87	0	22.33	6.78
CC15.03	182.8	5.25	44.99	29.54	8.77
CC15.04	192.4	5.26	0	26.23	7.5
CC15.05	205.6	5.06	81.43	43.77	6.19
CC15.06	200.7	8.43	0	49.01	4.64
CC15.07	728	5.49	34.81	10.55	17.77
CC15.08	970	24.1	13.7	15.16	18.67
CC15.09	1020	4.71	13.57	10.55	15.18
CC15.10	962	0.02	61.65	12.85	9.55
CC15.11	1040	1.32	13.44	24.74	5.49
CC15.12	884	2	24.98	19.35	13.44
CC15.13	1660	0.9	0	32.73	22.57
CC15.14	2468	1.04	0	36.42	29.82
CC15.15	1950	1.45	0	34.33	21.98
CC15.16	2260	1.53	0	35.05	38.45
CC15.17	2334	1.91	0	39.63	39.52
CC15.18	2270	1.1	0	34.84	9.73
CC16.01	170.5	0.73	19.62	41.72	5.76
CC16.02	171.2	3.6	0	43.08	4.88
CC16.03	146.4	2.42	114.92	35.85	7.04
CC16.04	198.7	2.66	25.57	41.2	10.99
CC16.05	183.4	3.91	0	39.18	4.71
CC16.06	215.8	6.73	39.4	39.01	9.48
CC16.07	772	8.76	15.02	17.49	10.57
CC16.08	714	6.18	36.53	10.32	5.42
CC16.09	766	15.15	29.34	15.63	14.64
CC16.10	780	14.51	13.5	12.16	9.11
CC16.11	940	15.44	18.36	7.11	17.31
CC16.12	810	3.64	15.52	9.86	10.31
CC16.13	1394	0.87	0	35.78	17.3
CC16.14	1514	0.97	0	35.57	13.64
CC16.15	1502	0.54	0	38.06	13.78
CC16.16	1920	0.87	0	36.1	2.83
CC16.17	1766	0.28	0	31.48	4.1
CC16.18	1824	0.62	0	38.5	7.15
CC17.01	166.9	4.02	0	47.25	6.79
CC17.02	183.5	5.21	25.57	46.9	7.22
CC17.03	202.4	3.32	484.4	42.4	5.53
CC17.04	235.1	4.57	0	37.17	8.53
CC17.05	220.7	5.89	0	36.34	5.03
CC17.06	254.4	2.76	436.69	34.37	6.53
CC17.07	922	3.68	15.52	24.27	9.7
CC17.08	1116	5.54	52.04	21.92	6.02
CC17.09	1134	5.63	53.23	21.22	31.89
CC17.10	1252	16.48	86.25	18.65	9.83
CC17.11	948	17.09	36.14	16.09	11.89
CC17.12	1148	12.53	37.01	21.22	14.98
CC17.13	1954	1.55	0	38.95	13.23
CC17.14	2180	1.43	0	36.1	29.1
CC17.15	1748	1.31	0	39.98	27.37
CC17.16	2428	1.08	0	36.42	36.43
CC17.17	1880	0.82	0	36.96	15.01
CC17.18	1914	0.72	0	34.23	11.34
CC18.01	165.5	1.35	0	42.23	5.8
CC18.02	167.4	3.1	0	42.06	12.07
CC18.03	173.9	4.12	0	41.2	8.06
CC18.04	182.1	4.73	0	48.13	16.18
CC18.05	163.1	0.83	0	38.34	8.53
CC18.06	212.1	3.08	462.24	39.68	24.24
CC18.07	788	3.42	30.48	19.35	17.45
CC18.08	910	6.67	22.92	21.22	7.15
CC18.09	750	6.23	13.44	18.18	6.86
CC18.10	648	9.91	43.04	26.16	7.13
CC18.11	1118	15.44	13.75	24.27	9.79
CC18.12	814	28.34	15.13	10.32	7.05
CC18.13	1820	1.73	0	38.61	5.82
CC18.14	1842	1.1	271.7	39.98	4.68
CC18.15	2204	0.98	0	44.54	17.02
CC18.16	1814	0.65	0	36.96	15.96
CC18.17	1738	0.7	0	38.17	7.76
CC18.18	1710	0.6	0	40.09	7.68
CC19.01	181.1	5.58	31.65	35.68	11.81
CC19.02	177.9	4.38	0	42.23	10.01
CC19.03	198.2	5.2	20.78	40.7	NA
CC19.04	192.1	7.55	123.49	39.85	8.81
CC19.05	189.1	5.36	0	47.07	3.88
CC19.06	191.1	5.3	13.87	37.17	12.48
CC19.07	740	6.04	22.09	14.47	7.14
CC19.08	662	10.93	15.14	24.03	9.66
CC19.09	1006	1.95	14.5	22.39	9.05
CC19.10	960	3.91	17.05	21.22	3.46
CC19.11	980	22.5	17.2	33.28	3.62
CC19.12	880	10.26	19.42	24.03	5.28
CC19.13	1982	0.82	0	39.63	5.07
CC19.14	2124	0.79	0	37.4	2.05
CC19.15	2010	0.79	0	38.28	2.2
CC19.16	1989	0.76	0	40.56	7.4
CC19.17	1610	1.2	0	35.89	2.63
CC19.18	2046	0.64	0	40.91	2.32
CC20.01	183	2.69	419.41	39.35	4.44
CC20.02	172.5	1.61	0	41.72	3.18
CC20.03	178.6	2.33	0	35.02	5.57
CC20.04	205.4	2.92	3.8	38.67	8.73
CC20.05	213.6	4.66	0	36.34	7.92
CC20.06	191.3	8.18	662.87	42.74	7.25
CC20.07	846	18.33	59.78	20.52	4.49
CC20.08	964	6.86	13.81	20.75	4.23
CC20.09	908	8.7	21.06	21.22	7.48
CC20.10	998	8.87	83.94	18.65	3.85
CC20.11	962	15.88	115.88	16.32	9.91
CC20.12	916	2.15	62.92	20.99	7.58
CC20.13	1896	0.5	0	46.57	17.35
CC20.14	1834	0.68	0	37.51	3.42
CC20.15	2210	0.83	0	41.26	3.36
CC20.16	1980	0.92	894.73	43.8	6.83
CC20.17	2030	1.35	67.15	41.62	6.23
CC20.18	2070	1.56	65.33	44.67	1.51
CC21.01	183	1.11	146.07	44.63	10.22
CC21.02	191.7	2.48	0	41.72	19.34
CC21.03	165.4	0.76	169.04	40.7	19.18
CC21.04	173.4	4.13	35.26	47.07	23.22
CC21.05	219.9	5.61	0	39.85	14.81
CC21.06	233.8	3.83	0	41.03	16.77
CC21.07	940	4	107.45	3.92	4.62
CC21.08	992	5.51	91.35	9.52	2.97
CC21.09	950	5.94	29.13	8.38	3.82
CC21.10	1096	3.52	46.65	9.47	3.42
CC21.11	1088	4.29	34.92	11.1	3.95
CC21.12	960	2.05	69.28	10.91	2.13
CC21.13	1788	1.53	0	46.96	9.34
CC21.14	2478	1.1	0	46.96	20.27
CC21.15	2540	0.84	0	53.05	15.35
CC21.16	1900	0.99	0	47.09	46.1
CC21.17	1974	0.77	0	47.09	18.46
CC21.18	1780	0.68	0	42.58	16.19
CC22.01	166.1	2.13	33.92	42.57	4.84
CC22.02	185	2.53	269.54	45.68	5.1
CC22.03	170.8	0.94	0	40.36	5.32
CC22.04	181.5	3.94	120.87	41.03	11.49
CC22.05	186.3	3.15	0	41.37	6.716
CC22.06	188.8	3	0	37.5	9.75
CC22.07	928	3.49	67.61	10.97	13.7
CC22.08	730	6.06	129.16	14.58	3.65
CC22.09	786	4.41	63.3	12.58	5.76
CC22.10	788	3.51	38.76	12.8	2.87
CC22.11	936	3.12	45.8	11.96	4.41
CC22.12	910	2.1	29.41	11.3	2.88
CC22.13	1670	1.02	0	54.48	11.93
CC22.14	1540	1.32	0	43.92	11.8
CC22.15	1436	1.24	0	45.04	19.12
CC22.16	1910	1.24	0	49.07	33.52
CC22.17	1756	1.07	0	47.22	17.72
CC22.18	2244	0.99	0	48.53	14.53
CC23.01	187.6	1.72	141.42	35.68	7.78
CC23.02	199.7	2.77	0	39.85	8.32
CC23.03	209.1	0.82	0	36.51	8.96
CC23.04	233.2	9.37	16.25	41.89	15.23
CC23.05	220.4	6.87	174.06	47.07	5.25
CC23.06	189.5	3.67	202.87	44.29	10.59
CC23.07	940	4.34	17.01	10.23	11.19
CC23.08	1080	2.97	16.34	11.49	2.23
CC23.09	1094	3.82	79.83	11.96	12.24
CC23.10	1066	5.55	223.39	13.23	7.16
CC23.11	1030	6.66	115.7	11.1	6.93
CC23.12	1052	2.25	36.27	13.3	6.7
CC23.13	2302	0.82	242.39	47.35	22.77
CC23.14	2420	0.75	0	46.06	10.2
CC23.15	2440	1.26	0	44.92	29.42
CC23.16	2150	1.29	0	44.42	38.25
CC23.17	1992	0.98	0	45.93	21.44
CC23.18	2132	1.89	0	37.51	22.82
CC24.01	166.3	1.91	0	46.2	8.71
CC24.02	172.8	3.36	59.83	41.72	4.88
CC24.03	188.6	6.01	0	40.36	11.41
CC24.04	217.8	4.78	0	39.68	5.46
CC24.05	224.9	4.74	3.17	43.26	4.71
CC24.06	218.2	7.9	104.58	46.2	9.8
CC24.07	846	3.03	98.85	12.73	7.6
CC24.08	768	3.46	50.13	12.87	8.82
CC24.09	874	1.64	22.55	11.43	17.29
CC24.10	736	4.1	16.44	11.1	14.88
CC24.11	746	3.01	27.53	9.52	15.26
CC24.12	706	2.83	50.13	7.93	14.17
CC24.13	1558	1.33	0	48.93	15.16
CC24.14	1748	1.23	16.8	40.91	20.12
CC24.15	1702	1.63	39.19	36.53	11.46
CC24.16	1984	1.31	189.78	42.82	10.4
CC24.17	2218	1.93	161.67	42.94	20.37
CC24.18	1540	2.02	4.88	44.67	8.71
