pen	body_weight_at_day_00_g	body_weight_at_day_07_g	body_weight_at_day_21_g	body_weight_at_day_35_g	average_daily_gain_g_day_00_07	average_daily_feed_intake_g_day_00_07	feed_to_conversion_ratio_g_g_day_00_07	fcr_not_corrected_day_00_07	mortality_percent_day_00_07	mortality_percent_without_culleds_day_00_07	european_performance_efficiency_factor_day_00_07	average_daily_gain_g_day_07_21	average_daily_feed_intake_g_day_07_21	feed_to_conversion_ratio_g_g_day_07_21	fcr_not_corrected_day_07_21	mortality_percent_day_07_21	mortality_percent_without_culleds_day_07_21	european_performance_efficiency_factor_day_07_21	average_daily_gain_g_day_21_35	average_daily_feed_intake_g_day_21_35	feed_to_conversion_ratio_g_g_day_21_35	fcr_not_corrected_day_21_35	mortality_percent_day_21_35	mortality_percent_without_culleds_day_21_35	european_performance_efficiency_factor_day_21_35	average_daily_gain_g_day_00_35	average_daily_feed_intake_g_day_00_35	feed_to_conversion_ratio_g_g_day_00_35	fcr_not_corrected_day_00_35	mortality_percent_day_00_35	mortality_percent_without_culleds_day_00_35	european_performance_efficiency_factor_day_00_35	litter_at_day_07_p_h	litter_at_day_21_p_h	litter_at_day_35_p_h	carcass_body_weight_mean_g	carcass_weight_mean_g	breast_weight_mean_g	legs_weight_mean_g	abdominal_fat_weight_mean_g	carcass_yield_mean_percent	breast_yield_mean_percent	legs_yield_mean_percent	abdominal_fat_yield_mean_percent	tbars_mean_mg_mda_kg	cortisol_at_day_07_mean_feather_pg_mg	cortisol_at_day_21_mean_feather_pg_mg	cortisol_at_day_35_mean_feather_pg_mg	crp_at_day_07_mean_pg_ml	crp_at_day_21_mean_pg_ml	crp_at_day_35_mean_pg_ml	hpt_at_day_07_mean_ng_ml	hpt_at_day_21_mean_ng_ml	hpt_at_day_35_mean_ng_ml	lps_at_day_07_mean_ng_l	lps_at_day_21_mean_ng_l	lps_at_day_35_mean_ng_l
CC24	43.56	192.43	825.86	1845.83	21.27	21.32	1.002	1.023	5	0	201.55	45.25	60.47	1.336	1.336	0	0	338.55	72.86	110.93	1.523	1.523	0	0	478.49	51.49	71.73	1.393	1.396	5	0	351.19	5.63	7.66	8.49	2000	1560.77	361.3	417.25	26.47	78.15	18.03	20.89	1.3	0.04	7.495	13.0033	14.37	2.14013	1.72058	1.20799	0.69429	0.69734	0.83627	6.5471	3.17471	6.53587
CC23	46.1	199.41	973.21	2156.82	21.9	20.98	0.958	0.986	7.5	0	211.54	55.27	73.15	1.324	1.324	0	0	417.61	84.54	140.54	1.662	1.692	3.57	3.57	490.41	60.31	87.65	1.453	1.47	10	2.5	373.44	6.95	7.78	8.38	2050	1534.57	340.3	424.17	21.07	74.92	16.47	20.84	1.02	0.0467	9.355	7.7417	24.15	1.93787	2.03294	1.1071	0.95102	0.87327	0.75228	6.38606	3.19618	6.65611
CC22	41.52	191.89	837.1	1744.23	21.48	21.46	0.999	0.999	0	0	215.04	46.09	66.05	1.433	1.433	0	0	321.57	64.8	102.93	1.588	1.588	0	0	407.9	48.65	70.94	1.458	1.458	0	0	333.61	6.61	8.23	8.52	1870	1408.44	294.6	401.9	27.2	75.33	15.77	21.48	1.45	0.025	7.2027	5.545	18.1033	1.59924	1.91981	1.05357	0.8516	0.75483	0.59161	6.43289	3.31043	6.92708
CC21	45.56	207.35	896.43	1919.57	23.11	23.1	0.999	1.03	5.13	0	219.44	49.22	65.19	1.324	1.324	0	0	371.61	73.08	121.03	1.656	1.656	0	0	441.29	53.54	77.68	1.451	1.456	5.13	0	350.11	5.79	7.9	8.36	1991.67	1492.15	315.95	432.82	24.4	74.94	15.76	21.8	1.17	0.04	17.2567	3.485	20.9517	1.67329	2.02729	1.05357	0.81246	0.76564	0.59161	6.51637	2.97321	6.87313
CC20	48.47	194.72	925	1904	20.89	21	1.005	1.012	2.5	0	202.7	52.16	70.4	1.35	1.35	0	0	386.48	69.93	115.38	1.65	1.65	0	0	423.83	53.02	77.21	1.456	1.458	2.5	0	354.9	5.74	8.16	8.47	1933.33	1495.9	354.57	396.32	30.47	77.4	18.31	20.49	1.59	0.05	6.1817	6.2567	6.45	1.8605	3.0466	1.08614	1.16471	0.79085	1.06521	6.23903	4.43858	6.52087
CC19	43.86	186.25	830	1788	20.34	20.5	1.008	1.012	2.5	0	196.81	45.98	61.57	1.339	1.339	0	0	343.39	68.43	107.46	1.57	1.57	0	0	435.75	49.83	70.78	1.42	1.421	2.5	0	342.05	5.78	7.88	8.54	1925	1483.48	305.13	437.43	25.3	77.04	15.83	22.72	1.32	0.0667	9.398	6.3683	3.6117	2.35008	2.84734	1.05357	0.67785	0.59161	0.59161	6.35359	4.78587	6.22558
CC18	43.99	197.16	821.67	1732	21.88	21.1	0.964	0.964	0	0	226.97	44.61	63.07	1.414	1.428	2.7	2.7	306.98	65.02	107.18	1.648	1.648	0	0	394.49	48.23	71.11	1.474	1.48	2.5	2.5	318.93	6.02	7.63	8.43	1783.33	1326.08	279.18	386.82	18.12	74.5	15.65	21.68	0.99	0.05	12.48	9.2383	9.82	1.63791	3.22148	1.09719	0.85124	0.59161	0.76788	6.47188	4.38059	6.29997
CC17	47.42	206.11	991.67	2038	22.67	23.82	1.051	1.051	0	0	215.72	56.11	73.65	1.313	1.313	0	0	427.49	74.74	126.12	1.687	1.687	0	0	442.9	56.87	83.18	1.463	1.463	0	0	388.87	5.89	6.61	8.49	2116.67	1635.57	384.53	448.2	29.82	77.42	18.08	21.28	1.38	0.0467	6.605	14.0517	22.08	2.05594	3.06303	1.05357	1.10948	0.69188	0.59161	6.37022	4.5252	6.08955
CC16	42.48	182.57	769.35	1565.38	20.01	19.8	0.989	0.989	0	0	202.29	41.91	66.12	1.578	1.578	0	0	265.68	56.86	93.88	1.651	1.651	0	0	344.37	43.51	67.17	1.544	1.544	0	0	281.88	5.95	7.32	8.53	1760	1326.16	316.98	375.56	21.4	75.52	17.69	21.3	1.17	0.0533	7.1433	11.2267	9.8	1.78485	3.16407	1.05357	0.67174	0.59161	0.59161	6.32234	3.33807	5.98981
CC15	43.26	196.35	983.87	2157.69	21.87	21.23	0.971	0.971	0	0	225.3	56.25	74.12	1.318	1.318	0	0	426.92	83.84	133.94	1.597	1.597	0	0	524.86	60.41	86.1	1.425	1.425	0	0	423.88	5.92	8.45	8.37	2341.67	1805.55	424.43	502.63	37.62	77.21	18.11	21.52	1.59	0.04	7.1267	13.35	27.0117	2.25648	2.15731	1.10831	0.84348	0.62424	0.59161	5.66775	3.79958	5.95553
CC14	45.89	195.95	919.35	1950	21.44	21.15	0.987	0.987	0	0	217.24	51.67	74.3	1.438	1.438	0	0	359.34	73.62	122.32	1.662	1.79	6.45	6.45	414.47	54.4	81.43	1.497	1.549	5	5	345.3	5.59	6.77	8.27	2020	1536.68	356.7	410.56	30.56	75.91	17.53	20.32	1.49	0.0367	6.635	15.1433	13.3317	2.26983	3.07859	1.14268	0.59161	0.59161	0.59161	5.11668	3.47784	6.33193
CC13	45.18	200.95	956.45	2046.15	22.25	21.9	0.984	0.984	0	0	226.11	53.96	73.2	1.357	1.357	0	0	397.82	77.84	127.17	1.634	1.634	0	0	476.39	57.17	83.21	1.456	1.456	0	0	392.78	5.89	7.93	8.46	2200	1686.72	421.22	460.45	33.65	76.76	19.11	20.9	1.53	0.07	8.645	17.7983	14.48	2.1449	3.34535	1.05357	1.19369	0.59161	0.59161	4.96198	3.51755	6.03611
CC12	44.65	199.43	989.66	2214.58	22.11	21.17	0.957	0.963	2.56	0	225.05	56.44	74.79	1.325	1.325	0	0	426	87.49	138.68	1.585	1.585	0	0	552	62	88.29	1.424	1.425	2.56	0	424.21	5.86	7.8	8.45	2383.33	1827.58	418.18	514.5	32.65	76.67	17.4	21.59	1.38	0.05	8.3633	14.8667	12.7917	2.19107	2.55618	1.1071	0.69508	0.95414	0.59161	5.39408	3.08045	5.87362
CC11	44.26	204.71	982.76	2068.75	22.92	22.35	0.975	0.997	5	0	223.32	55.57	74.13	1.334	1.334	0	0	416.62	77.57	127.88	1.649	1.649	0	0	470.54	57.84	83.63	1.446	1.449	5	0	380.05	6.02	7.43	8.28	2141.67	1627.57	390.25	430.23	33.05	75.96	18.15	20.16	1.54	0.05	8.0083	11.6667	15.8917	2.26681	2.23539	1.27399	0.81704	0.76518	0.8706	4.97589	3.09614	3.94681
CC10	43.66	186.76	795.16	1606	20.44	21.21	1.038	1.038	0	0	197.01	43.46	58.89	1.355	1.355	0	0	320.69	57.92	94.79	1.637	1.702	3.23	3.23	342.47	44.64	64.57	1.446	1.472	2.5	2.5	300.9	6.44	7.72	8.44	1783.33	1301.6	283.78	362.6	22.03	72.46	15.58	20.05	1.22	0.04	8.435	8.9183	7.01	2.20054	3.14664	1.35798	0.59161	0.59161	0.74221	4.8098	3.31929	3.12274
CC09	46.85	190.28	790	1798	20.49	21.36	1.042	1.051	2.5	0	191.69	42.84	60.37	1.409	1.409	0	0	303.95	72	109.37	1.519	1.519	0	0	473.97	50.03	71.43	1.428	1.429	2.5	0	341.68	6.04	7.72	8.43	2000	1504.08	321.2	438.18	23.76	75.23	16.01	21.85	1.18	0.07	11.49	8.235	8.8467	2.09098	3.0293	1.20578	0.62424	0.62738	0.73706	4.85085	2.97321	3.20651
CC08	45.14	191.94	805	1689.58	20.97	21.59	1.03	1.037	2.5	0	198.61	43.79	76.4	1.745	1.745	0	0	251	63.18	105.9	1.676	1.728	3.33	3.33	364.42	46.98	76.62	1.631	1.656	5	2.5	273.69	6.19	7.09	7.13	1950	1469.2	307.62	423.68	22.75	75.18	15.62	21.76	1.14	0.06	9.1283	9.7717	8.665	1.79844	2.13506	1.20397	0.59161	0.69813	0.6383	4.46525	2.97321	3.71475
CC07	45.12	193.11	858.06	1744.23	21.14	20.69	0.979	0.979	0	0	215.98	47.5	78.62	1.655	1.655	0	0	286.94	63.3	106.15	1.677	1.677	0	0	377.44	48.55	77.21	1.59	1.59	0	0	305.23	6.1	7.49	8.06	1825	1334.45	286.23	386.73	12.48	73.16	15.62	21.2	0.68	0.0367	7.925	7.535	7.6733	2.29432	2.26074	1.05357	0.59161	0.59161	0.73114	4.69586	3.51339	3.3223
CC06	43.87	193.11	833.87	1790.38	21.32	21.68	1.017	1.017	0	0	209.61	45.77	65.53	1.432	1.432	0	0	319.64	68.32	107.94	1.58	1.58	0	0	432.44	49.9	72.89	1.461	1.461	0	0	341.61	5.72	7.59	8.34	1900	1444.55	328.97	400.12	24.07	75.93	17.24	21.07	1.27	0.06	4.756	7.63	8.175	2.13332	1.64687	1.29636	0.59161	0.59161	0.62211	4.65479	4.07518	3.08892
CC05	43.82	197.57	977.59	2058.33	21.96	21.93	0.999	0.999	0	0	219.97	55.72	72.61	1.303	1.323	5.41	5.41	404.41	77.2	126.31	1.636	1.636	0	0	471.8	57.56	82.36	1.431	1.44	5	5	382.14	6.34	6.66	8.43	2158.33	1681.5	415.23	442.52	33.6	77.94	19.22	20.58	1.56	0.05	7.805	11.8033	9.9617	2.17526	1.27047	1.1022	0.59161	0.79538	0.61203	4.0573	6.84034	3.06882
CC04	42.29	194.14	827.59	1765.91	21.69	21.61	0.996	1.005	2.56	0	212.22	45.25	62.96	1.392	1.392	0	0	325.15	67.02	102.72	1.533	1.672	6.9	6.9	407.16	49.25	69.41	1.41	1.467	7.69	5.13	322.51	5.69	8.32	8.65	1933.33	1474.95	336.62	397.45	31.62	76.33	17.43	20.57	1.61	0.0367	6.355	8.52	15.0417	2.17452	1.43935	1.22476	0.59161	0.61884	0.8111	3.99388	6.50595	2.97321
CC03	44.77	190.97	971.67	2178.57	20.89	20.56	0.985	0.985	0	0	212.13	55.76	82.07	1.472	1.472	0	0	378.9	86.21	142.66	1.655	1.776	6.67	6.67	486.2	60.97	92.4	1.516	1.568	5.13	5.13	381.64	5.88	6.33	8.17	2333.33	1838.2	452.58	488.88	38.63	78.87	19.21	21.09	1.65	0.05	5.9017	11.8383	32.0567	2.13926	1.42981	1.13128	0.59161	0.66025	0.99976	4.26413	6.54846	2.97321
CC02	42.57	198.47	970	2054.35	22.27	21.69	0.974	0.982	2.5	0	222.97	55.11	91.24	1.656	1.656	0	0	332.88	77.45	126.07	1.628	1.628	0	0	475.85	57.48	90.51	1.575	1.576	2.5	0	355.9	5.73	7.51	8.3	2225	1723.12	421.62	460.53	30.02	77.49	18.92	20.75	1.34	0.08	6.2167	7.7833	18.325	2.01953	1.70198	1.39064	0.81479	0.69252	0.73377	4.14262	6.47821	3.07721
CC01	44.62	205.42	1021.67	2376.09	22.97	22.12	0.963	0.963	0	0	238.58	58.3	84.12	1.443	1.443	0	0	404.11	96.74	149.2	1.542	1.542	0	0	627.31	66.61	96.74	1.452	1.452	0	0	458.71	5.82	8.26	8.45	2616.67	1987.23	456.57	553.25	37.95	75.94	17.45	21.1	1.46	0.0133	7.4683	10.2567	33.7783	2.34189	1.84757	1.15785	0.70408	0.59161	0.73335	4.14739	6.20267	2.97321
CB24	46	178.21	974.24	2312.96	18.89	21.58	1.143	1.151	0	0	161.13	56.86	78.15	1.374	1.374	0	0	413.71	95.62	161.12	1.685	1.685	0	0	567.5	64.77	98.65	1.523	1.524	0	0	414.61	7.23	7.52	8.15	2724.17	2107.02	552.35	540.47	40.32	77.3	20.25	19.86	1.48	0.12	14.3117	19.3883	31.2333	1.28788	1.05357	1.05357	0.81562	0.84695	0.83272	6.15329	4.7107	5.67076
CB23	45.78	172.5	902.94	2071.43	18.1	19.64	1.085	1.085	0	0	166.84	52.17	72.86	1.396	1.396	0	0	373.62	83.46	141.74	1.698	1.698	0	0	491.49	57.88	88.59	1.531	1.531	0	0	378.11	5.71	8.13	7.4	2417.5	1841.1	493.65	469.08	52.93	76.11	20.4	19.38	2.18	0.14	11.4	18.0133	14.5217	1.35296	1.05357	1.05357	1.62499	1.09201	0.7617	5.99844	5.19906	5.8699
CB22	38.82	168.42	848.44	1903.85	18.51	20.46	1.105	1.137	2.5	0	159.13	48.57	60.51	1.246	1.246	0	0	389.89	75.39	133.77	1.774	1.774	0	0	424.83	53.29	79.99	1.501	1.505	2.5	0	337.23	7.57	8.34	7.01	2281.67	1756.12	464.78	462.1	32.15	76.98	20.38	20.24	1.4	0.1267	10.6267	8.4017	7.9133	1.55073	1.05357	1.05357	0.73395	0.73508	0.96866	6.48054	5.04787	5.81103
CB21	38.72	170	833.33	1870.37	18.76	19.68	1.049	1.049	0	0	178.75	47.38	63.71	1.345	1.359	2.5	2.5	343.58	74.07	123.27	1.664	1.664	0	0	445.13	52.33	77.43	1.48	1.486	2.5	2.5	344.84	7.24	7.64	6.88	2204.17	1692	410.02	445.8	32.57	76.68	18.58	20.23	1.48	0.1	11.6333	11.4883	12.5933	1.69149	1.05357	1.05357	2.74999	0.70502	1.18029	6.44086	5.10942	5.73301
CB20	39.73	172.5	908.82	2135.71	18.97	19.75	1.041	1.041	0	0	182.15	52.59	70.98	1.35	1.35	0	0	389.7	87.64	148.38	1.693	1.693	0	0	517.58	59.89	90.26	1.507	1.507	0	0	397.32	8.36	8.16	8.44	2635	1983.8	479.08	551.6	34.63	75.28	18.19	20.93	1.31	0.1	10.77	16.625	12.9833	1.91704	1.05357	1.05357	1.37436	0.80028	0.76576	6.59185	4.8088	5.51441
CB19	38.79	175	903.13	2165.38	19.46	19.78	1.016	1.049	2.5	0	181.87	52.01	72.32	1.39	1.39	0	0	374.05	90.16	150.61	1.67	1.67	0	0	539.74	60.76	91.67	1.509	1.513	2.5	0	382.57	5.45	8.22	8.17	2595.83	1957.67	482.3	525.03	32.97	75.41	18.57	20.24	1.26	0.0833	12.4767	15.7983	18.72	2.24717	1.05357	1.05357	2.03562	0.70838	0.84648	6.63664	4.90425	5.49134
CB18	38.9	173.08	883.33	2038.89	19.17	19.76	1.031	1.065	2.5	0	181.29	50.73	69.96	1.379	1.379	0	0	367.9	82.54	139.81	1.694	1.694	0	0	487.29	57.14	86.37	1.511	1.516	2.5	0	368.61	5.55	7.72	8.25	2404.17	1824.17	422.12	498.35	28.23	75.73	17.41	20.8	1.16	0.1133	13.716	12.6383	10.5333	2.08979	1.05357	1.05357	1.29549	0.85455	0.98845	6.54804	4.69081	5.66813
CB17	45.75	181.25	969.7	2202	19.36	20.64	1.066	1.066	0	0	181.53	56.32	78.11	1.387	1.395	2.5	2.5	395.91	88.02	154.98	1.761	1.859	6.06	6.06	469.63	61.61	95.12	1.544	1.589	7.5	7.5	369.08	5.8	7.86	8.27	2532.5	1944.08	519.02	498.93	40.97	76.65	20.32	19.66	1.57	0.07	7.9567	14.5383	19.165	2.22956	1.05357	1.05357	0.88776	0.84446	0.69347	6.75364	4.65719	5.71667
CB16	44.97	185	957.35	2209.26	20	21.82	1.091	1.091	0	0	183.39	55.17	76.23	1.382	1.382	0	0	399.27	89.42	153.04	1.711	1.771	2.94	2.94	507.12	61.84	94.41	1.527	1.553	2.5	2.5	394.9	5.79	7.58	8.02	2622.5	1966.65	507.72	511.02	38.83	75.12	19.45	19.53	1.44	0.0833	12.0833	26.5733	18.3867	2.17236	1.05357	1.05357	1.81288	0.70597	0.89459	7.50979	4.61641	5.35182
CB15	38.29	176.25	874.24	1953.7	19.71	21.39	1.085	1.085	0	0	181.58	49.86	67.91	1.362	1.375	2.5	2.5	356.9	77.1	127.84	1.658	1.658	0	0	465.04	54.73	81.35	1.486	1.492	2.5	2.5	358.95	5.86	8.18	8.38	2171.67	1656.08	432.52	425.13	35.92	76.21	19.82	19.66	1.66	0.12	10.4933	15.1233	37.64	2.03743	1.05357	1.05357	1.51368	0.87021	0.61884	7.18066	4.52508	5.78287
CB14	44.81	182.05	918.18	2032.69	19.61	22.15	1.13	1.146	2.5	0	169.19	52.58	76.05	1.446	1.446	0	0	363.52	79.61	139.87	1.757	1.823	3.03	3.03	439.37	56.8	89.32	1.573	1.604	5	2.5	343.08	5.85	6.46	5.76	2351.67	1799.05	497.43	452.97	36.95	76.52	21.2	19.26	1.57	0.14	8.2483	28.1033	28.4817	2.07051	1.05357	1.05357	1.63968	0.83166	0.73642	7.19491	4.73235	5.73377
CB13	45.96	183.33	913.64	2066.67	19.62	21.71	1.106	1.115	2.5	0	173	52.16	72.22	1.385	1.385	0	0	376.77	82.36	144.19	1.751	1.751	0	0	470.42	57.73	89.47	1.55	1.551	2.5	0	363.23	5.82	5.94	8.3	2426.67	1841.52	504.55	466.62	43.15	75.83	20.71	19.2	1.79	0.0933	8.67	13.766	32.6	1.65235	1.05357	1.05357	1.19725	0.96899	0.72092	7.06535	4.4562	5.66903
CB12	38.84	175	908.06	2170	19.45	18.18	0.935	0.935	0	0	208.13	52.36	74.05	1.414	1.464	7.5	5	342.49	90.14	152.91	1.696	1.696	0	0	531.34	60.89	92.56	1.52	1.54	7.5	5	370.51	6.63	7.86	7.72	2642.5	1998.68	497.32	533.6	33.02	75.57	18.75	20.22	1.25	0.0733	14.4283	10.24	13.065	1.86833	1.05357	1.09719	1.60232	0.73951	0.90351	7.05726	4.54904	4.31283
CB11	45.18	172.5	884.85	2053.7	18.19	19.39	1.066	1.066	0	0	170.58	50.88	72.46	1.424	1.443	2.5	0	348.36	83.49	141.06	1.69	1.69	0	0	494.15	57.39	87.98	1.533	1.541	2.5	0	364.96	5.78	8.43	8.15	2355	1805.12	480.65	456.1	34.18	76.56	20.25	19.4	1.44	0.06	11.1483	12.97	18.5333	2.00207	1.05357	1.10831	1.45618	0.85795	0.79456	7.0019	4.56465	4.63082
CB10	38.64	170.51	860.94	1975	18.84	20.22	1.073	1.079	2.5	0	171.13	49.32	70.89	1.438	1.462	2.56	0	334.26	79.58	132.84	1.669	1.669	0	0	476.68	55.32	84.33	1.524	1.535	5	0	344.82	7.36	5.75	6.19	2146.67	1632.7	423.27	424.5	28.12	76.05	19.65	19.85	1.3	0.1167	10.845	6.95	8.0833	1.25394	1.05357	1.09335	0.98021	0.84714	0.90874	6.95147	4.47388	4.60728
CB09	39.8	179.49	862.5	2001.92	19.95	20.55	1.03	1.05	2.5	0	188.91	48.79	68.37	1.401	1.416	2.56	2.56	339.21	81.39	134.88	1.657	1.657	0	0	491.09	56.06	84.09	1.5	1.509	5	2.5	355.07	5.7	8.42	8.03	2466.67	1880.28	444.03	517.2	34.9	76.19	17.94	21.02	1.41	0.0967	14.8533	8.9233	6.9483	1.95694	1.05357	1.05357	1.27824	0.83945	1.01053	6.97495	4.52156	4.76779
CB08	44.59	180	961.76	2264.29	19.34	20.57	1.063	1.063	0	0	181.9	55.84	77.33	1.385	1.385	0	0	403.2	93.04	157.41	1.692	1.692	0	0	549.89	63.42	96.62	1.524	1.524	0	0	416.26	8.77	8.2	8.16	2728.33	2101.63	543.83	575.15	39.73	77.02	19.9	21.1	1.45	0.0867	9.6533	8.2033	26.3867	1.83745	1.2852	1.05357	2.56976	0.99455	0.73906	6.79786	4.72059	5.43189
CB07	45.42	179.49	983.33	2261.11	19.15	19.09	0.997	1.007	2.5	0	187.37	57.42	79.18	1.379	1.379	0	0	416.36	91.27	157.02	1.72	1.72	0	0	530.51	63.31	96.69	1.527	1.529	2.5	0	404.1	8.55	6.54	7.61	2673.33	2028.13	544.93	526.43	39.97	75.79	20.41	19.66	1.5	0.0733	9.6967	15.0317	20.7567	1.98442	1.05357	1.05357	2.61186	0.75908	0.75593	6.9488	4.46865	5.69019
CB06	44.84	173.75	883.33	2037.04	18.42	23.36	1.268	1.268	0	0	145.2	50.68	71.98	1.42	1.429	2.5	0	347.99	82.41	135.94	1.65	1.65	0	0	499.56	56.92	86.98	1.528	1.532	2.5	0	363.16	5.7	7.73	8.2	2397.5	1823.85	486.25	464.32	37.67	76.01	20.1	19.38	1.58	0.0533	8.1217	9.5017	8.3633	2.15848	1.05357	1.05357	1.20308	0.7467	0.81156	7.04771	4.35091	5.81434
CB05	38.64	168.75	836.76	1882.14	18.59	18.05	0.971	0.971	0	0	191.38	47.72	67.67	1.418	1.418	0	0	336.45	74.67	123.32	1.652	1.652	0	0	452.12	52.67	78.94	1.499	1.499	0	0	351.45	5.52	7.99	7.46	2188.33	1678.75	430.1	445.5	32.73	76.67	19.6	20.37	1.5	0.0967	8.17	8.77	8.675	1.69604	1.05357	1.05357	0.98752	0.69995	0.79964	7.04814	4.36395	5.51991
CB04	39.42	167.5	857.35	1862.5	18.3	20.04	1.095	1.095	0	0	167.11	49.28	66.6	1.352	1.352	0	0	364.56	71.8	123.2	1.716	1.716	0	0	418.41	52.09	78.71	1.511	1.511	0	0	344.72	8.23	7.24	8.01	2203.33	1672.95	434.92	429.48	34.95	75.87	19.74	19.48	1.56	0.1	8.14	7.1117	9.55	2.12374	1.05357	1.05357	1.05709	0.85997	0.99296	6.86107	4.33497	5.31384
CB03	45.06	173.75	974.24	2288.89	18.38	20.61	1.121	1.121	0	0	164.01	57.18	80.17	1.402	1.412	0	0	397.62	93.9	158.43	1.687	1.687	0	0	556.59	64.11	98.16	1.531	1.536	0	0	408.24	8.5	6.65	8.22	2409.17	1856.02	498.65	480.37	34.25	77.07	20.7	19.97	1.39	0.1067	9.455	30.8367	10.92	2.38639	1.05357	1.05357	1.53302	0.77839	1.43715	6.86271	5.58394	5.72676
CB02	38.52	170	890.91	2122.22	18.78	19.57	1.042	1.042	0	0	180.26	51.49	69.82	1.356	1.379	2.5	2.5	370.27	87.95	147.42	1.676	1.676	0	0	524.71	59.53	89.31	1.5	1.51	2.5	2.5	386.94	7.97	8.17	8.35	2330.83	1794.62	437.32	489.37	23.58	76.86	18.51	21.06	0.94	0.1233	12.2867	8.6733	10.8583	1.88853	1.05357	1.05357	0.7934	0.65112	1.24974	6.6733	5.84661	5.71047
CB01	45.42	175.64	916.67	2083.33	18.6	20.39	1.096	1.115	2.5	0	165.45	52.93	74.43	1.406	1.406	0	0	376.4	83.33	142.05	1.705	1.705	0	0	488.87	58.23	89.4	1.535	1.538	2.5	0	369.73	5.69	6.54	7.76	2297.5	1795.2	490.15	465.33	35.22	78.16	21.31	20.26	1.52	0.0667	17.9717	14.3783	8.0883	2.19932	1.05357	1.05357	1.07039	0.8006	0.82469	6.8402	5.87231	5.69983
CA24	38.71	157.03	808.79	1895.25	16.9	19.2	1.136	1.136	0	0	148.82	46.55	64.09	1.377	1.377	0	0	338.15	77.6	154.4	1.99	1.99	0	0	390.06	53.04	89.31	1.684	1.684	0	0	315.05	5.76	7.21	7.04	2136.67	1587.83	395.37	426.73	34.47	74.33	18.44	20	1.6	0.05	19.8033	14.6883	16.2533	1.18028	1.05357	1.05357	0.59161	0.74922	0.6764	3.28037	3.95694	6.78399
CA23	40.46	163.62	846.31	2147.31	17.59	18.59	1.057	1.071	2.5	0	162.35	48.76	65.53	1.344	1.358	2.56	0	353.59	92.93	175.57	1.889	1.889	0	0	491.86	60.2	97.92	1.627	1.634	5	0	351.56	6.28	8.17	7.29	2321.17	1791.57	447.47	492.47	29.78	77.12	19.22	21.2	1.28	0.07	18.0017	16.4317	18.1683	1.05357	1.05357	1.11892	0.59161	0.71489	0.88312	2.97321	4.10862	7.03709
CA22	42.94	167.05	950.18	2376.43	17.73	19.16	1.08	1.08	0	0	164.1	55.94	72.33	1.293	1.293	0	0	432.59	101.88	169.44	1.663	1.663	0	0	612.52	66.67	99	1.485	1.485	0	0	449	6.24	7.55	7.43	2869.33	2236.08	582.5	577.6	49.93	77.92	20.29	20.12	1.75	0.0367	13.314	19.0517	26	1.09845	1.05357	1.13563	0.80698	0.71261	0.63926	3.50134	3.98968	6.86032
CA21	38.83	156.46	828.19	2099.92	16.81	18.4	1.095	1.105	2.5	0	149.63	47.98	64.4	1.342	1.361	2.56	0	348.3	90.84	170.51	1.877	1.877	0	0	483.92	58.89	95.51	1.622	1.631	5	0	344.92	7.09	7.85	7.87	2324.67	1756	416.4	487.83	29.83	75.49	17.88	20.99	1.28	0.0467	18.98	12.0283	17.0683	1.05357	1.09592	1.124	1.12337	0.78958	0.63245	3.84217	4.07059	6.64116
CA20	42.75	164.58	888.71	2078.29	17.4	20.71	1.19	1.19	0	0	146.26	51.72	65.62	1.269	1.269	0	0	407.73	84.97	165.26	1.945	1.945	0	0	436.88	58.16	94.34	1.622	1.622	0	0	358.53	5.75	7.33	7.34	2380.67	1820.22	484.85	467.65	38.5	76.41	20.36	19.63	1.61	0.03	16.5867	13.8483	16.0017	1.05357	1.05357	1.05357	2.10972	0.61434	0.71075	3.65938	4.20379	6.91831
CA19	39.74	161.8	811.26	1885.68	17.44	18.7	1.072	1.072	0	0	162.6	46.39	61.14	1.318	1.318	0	0	352	76.74	162.68	2.12	2.12	0	0	362.03	52.74	90.75	1.721	1.721	0	0	306.5	5.57	6.95	7.88	2355.83	1817.57	491.3	453.4	33.83	77.17	20.82	19.25	1.43	0.0533	10.5617	12.0167	15.8117	1.05357	1.05357	1.10649	0.89221	0.61203	0.59161	3.749	4.11417	6.90816
CA18	44.17	166.38	899.56	2093.39	17.46	19.67	1.127	1.127	0	0	154.95	52.37	66.27	1.265	1.265	0	0	413.84	85.27	161.99	1.9	1.9	0	0	448.9	58.55	93.15	1.591	1.591	0	0	368	5.86	7.64	7.82	2274.5	1789.98	487.2	446.62	35.82	78.59	21.31	19.69	1.57	0.0433	11.5267	10.6867	13.3433	1.05357	1.05357	1.21219	1.87638	0.63476	0.59161	3.78927	4.00108	5.59876
CA17	39.81	171.71	867.38	2085	18.84	19.4	1.03	1.066	5	0	173.83	49.69	64.7	1.302	1.302	0	0	381.61	86.97	167.07	1.921	1.921	0	0	452.76	58.43	94.24	1.613	1.617	5	0	344.21	6.59	7.09	7.55	2117.5	1609.55	371.42	443.87	22.52	75.9	17.34	20.93	1.04	0.0533	14.6667	10.8817	16.2067	1.05357	1.05357	1.05357	0.96841	0.64603	0.59161	3.54156	4.08296	3.23686
CA16	42.82	169.18	973.71	2433.68	18.05	19.14	1.06	1.06	0	0	170.29	57.47	75.12	1.307	1.307	0	0	439.62	104.28	161.67	1.55	1.55	0	0	672.66	68.31	97.43	1.426	1.426	0	0	478.96	5.65	7.03	6.54	2731.67	2128.63	552.8	561.77	43.43	77.9	20.19	20.58	1.58	0.03	13.4817	10.855	17.9	1.05357	1.05357	1.05357	2.00632	0.78656	0.62841	3.60098	4.12834	3.30496
CA15	42.55	170.3	931.33	2087.81	18.25	19.3	1.058	1.058	0	0	172.55	54.36	66.54	1.224	1.231	2.5	0	432.99	82.61	168.63	2.041	2.041	0	0	404.66	58.44	95.21	1.629	1.633	2.5	0	349.7	5.86	7.23	7.81	2384.33	1827.95	494.32	464.5	44.85	76.59	20.73	19.44	1.88	0.05	9.7483	10.38	11.2617	1.05357	1.05357	1.05357	0.96255	0.9714	0.85739	3.6799	4.06365	2.97321
CA14	39.21	163	827.62	1984.54	17.68	19.1	1.08	1.08	0	0	163.77	47.47	59.67	1.257	1.257	0	0	377.66	82.64	160.86	1.947	1.947	0	0	424.52	55.58	89.92	1.618	1.618	0	0	343.57	7.12	7.14	8.15	2399.17	1818.65	472.13	465.42	35.72	75.78	19.63	19.41	1.49	0.0467	9.0933	10.3317	14.8583	1.05357	1.05357	1.50114	1.75191	0.6552	0.59161	3.62017	3.9979	2.97321
CA13	42.71	166.8	983	2477.36	17.73	18.92	1.067	1.067	0	0	166.1	58.3	79.17	1.358	1.358	0	0	429.3	106.74	168.04	1.574	1.574	0	0	678.01	69.56	101.57	1.46	1.46	0	0	476.4	5.66	7.95	7.8	2813	2156.82	591.92	543.03	46.93	76.63	21.03	19.32	1.66	0.03	11.9217	15.065	17.5867	1.2573	1.05357	1.05357	1.66138	0.87642	0.65998	3.6715	4.05432	2.97321
CA12	39.87	162.23	847.71	2250.26	17.48	18.34	1.049	1.049	0	0	166.64	48.96	59.47	1.215	1.215	0	0	403.09	100.18	170.92	1.706	1.792	2.86	2.94	569.94	63.15	93.97	1.488	1.531	2.5	2.5	413.82	6.09	7.26	7.73	2446.5	1956.35	478.42	521.65	33.75	80.1	19.6	21.36	1.37	0.0533	11.42	12.4133	12.6317	1.05357	1.05357	1.05357	1.56255	0.59161	0.80032	3.41816	2.97321	3.08206
CA11	39.87	164.03	838.03	2162.69	17.74	18.67	1.052	1.052	0	0	168.53	48.14	64.63	1.342	1.342	0	0	358.63	94.62	169.2	1.788	1.899	5.88	5.88	497.99	60.65	95.06	1.567	1.62	5	5	367.62	5.88	7.49	8.02	2528	1906.24	435.16	524.46	36.12	75.38	16.99	20.93	1.42	0.05	13.745	11.5033	12.8867	1.05357	1.05357	1.05357	1.24878	0.59161	0.64114	3.39576	2.97321	3.10262
CA10	38.5	157.28	779.18	1931.64	16.97	18.7	1.102	1.102	0	0	154	44.42	57.43	1.293	1.293	0	0	343.57	82.32	157.32	1.911	1.911	0	0	430.75	54.09	87.62	1.62	1.62	0	0	333.92	5.76	6.12	6.99	2129.17	1603.88	400.85	428.73	31.33	75.19	18.7	20.14	1.46	0.06	13.9667	12.06	14.0517	1.05357	1.05357	1.05357	1.67611	0.59161	0.69091	3.52857	2.97321	2.97321
CA09	42.55	163.9	878.47	2176.56	17.34	19.32	1.114	1.114	0	0	155.56	51.04	63.65	1.247	1.247	0	0	409.32	92.72	166.63	1.797	1.847	2.94	2.94	500.77	60.97	93.76	1.538	1.561	2.5	2.5	386.58	5.98	6.76	7.35	2303.67	1777.22	484.98	445.92	43.05	77.13	21	19.41	1.87	0.0467	12.4133	11.61	11.2	1.05357	1.05357	1.05357	1.78828	0.65112	0.95639	3.6532	2.97321	2.97321
CA08	39.15	164.08	850.65	2205.59	17.85	18.72	1.049	1.049	0	0	170.14	49.04	60.43	1.232	1.232	0	0	398.01	96.78	167.96	1.735	1.82	2.94	2.94	541.27	61.9	93.33	1.508	1.549	2.5	2.5	400.28	8.18	8.31	6.92	2482.83	1898.87	454.33	522.3	36.88	76.54	18.26	21.05	1.49	0.0467	14.815	10.7383	13.6433	1.05357	1.05357	1.05357	0.83476	0.67634	0.70451	3.58229	3.06905	3.07698
CA07	43.39	174.38	980.61	2430	18.71	20.17	1.078	1.078	0	0	173.61	57.59	75.14	1.305	1.317	2.5	2.5	430.32	103.53	167.66	1.619	1.706	3.03	3.03	619.9	68.19	99.64	1.461	1.509	5	5	443.31	6.68	7.92	7.56	2730.5	2155.65	544.02	549.48	42.42	78.77	19.76	20.12	1.55	0.0433	14.0567	10.145	16.1817	1.28792	1.05357	1.05357	1.24638	0.59161	0.92646	3.21657	2.97321	2.97321
CA06	43.72	173.38	979.56	2187.64	18.52	19.94	1.076	1.076	0	0	172.07	57.58	79.21	1.375	1.375	0	0	418.65	86.29	154.04	1.785	1.785	0	0	483.39	61.26	95.61	1.561	1.561	0	0	392.46	5.67	7.38	6.5	2820.67	2157.23	560.28	555.15	49.97	76.47	19.75	19.74	1.77	0.0433	10.0383	9.53	16.72	1.50581	1.05357	1.05357	0.99283	0.74412	0.81179	2.97321	3.12811	3.07513
CA05	40.44	162.25	778.65	1974.64	17.4	19.78	1.137	1.137	0	0	153.08	44.03	60.67	1.378	1.378	0	0	319.52	85.43	152.31	1.783	1.783	0	0	479.15	55.26	87.69	1.587	1.587	0	0	348.29	8.24	8.31	6.99	2163.83	1646.13	410.93	432.92	34.55	76.07	18.97	20.01	1.6	0.0367	10.735	10.995	10.5117	1.05357	1.05357	1.05357	0.6646	0.59161	0.59161	2.97321	3.10062	2.97321
CA04	43.39	171.18	904.09	2139.81	18.26	19.43	1.064	1.064	0	0	171.49	52.35	66.15	1.264	1.264	0	0	414.3	88.27	171.1	1.938	2.081	5.88	5.88	428.56	59.9	95.83	1.6	1.659	5	5	355.68	5.79	7.66	7	2403	1896.43	527.37	477.13	44.78	78.86	21.91	19.87	1.85	0.0333	8.9467	8.3233	12.288	1.05357	1.05357	1.05357	1.39967	0.87942	0.59161	2.97321	2.97321	3.14268
CA03	42.73	171.03	885.71	2080.57	18.33	19.74	1.077	1.077	0	0	170.16	51.05	62.58	1.226	1.226	0	0	416.45	85.35	160.49	1.88	1.88	0	0	453.87	58.22	91.09	1.564	1.564	0	0	372.18	6.08	7.54	6.89	2343	1812.52	498.1	458.4	36.6	77.38	21.24	19.56	1.58	0.0633	9.0433	7.2683	8.375	1.89721	1.05357	1.05357	0.83619	0.59161	0.63706	3.08982	2.97321	3.80262
CA02	39.67	166.36	860.76	2082.7	18.1	19.38	1.071	1.095	2.5	0	164.83	49.6	62.64	1.263	1.263	0	0	392.76	87.28	168.32	1.928	1.928	0	0	452.6	58.37	93.76	1.606	1.609	2.5	0	354.33	7.17	7.31	5.56	2451.67	1910.92	501.4	490.7	40.02	77.93	20.47	19.98	1.65	0.05	7.4533	8.1867	11.195	1.05357	1.05357	1.05357	0.59161	0.59161	0.75072	2.97321	3.07721	3.9445
CA01	42.98	171.88	1009.15	2542.32	18.41	19.5	1.059	1.059	0	0	173.89	59.81	79.55	1.33	1.33	0	0	449.64	109.51	166.38	1.519	1.519	0	0	720.83	71.41	101.25	1.418	1.418	0	0	503.64	5.61	5.93	6.98	2818.33	2170.12	596.05	554.57	34.73	77.03	21.14	19.68	1.23	0.0367	8.56	11.0233	18.935	1.21127	1.05357	1.05357	0.64711	0.7854	0.66854	2.97321	2.97321	3.87578
